trial,rows,policy,workers,repeat,budget_bytes,retained_bytes,started_utc,ended_utc,started_ns,ended_ns,submitted_requests,completed_requests,exact_requests,elapsed_s,cpu_s,throughput_rps,peak_sampled_rss_bytes,service_p50_ms,service_p90_ms,service_p99_ms,response_p50_ms,response_p90_ms,response_p99_ms
rows2000-target_snapshots-w1-rep1,2000,target_snapshots,1,1,1048153,391245,2026-10-07T03:00:29.546572+00:00,2026-10-07T03:00:29.665787+00:00,705619624614,705738839540,100,100,100,0.119214926,0.121160273,838.8211388899407,135864320,1.060654,1.4997912000000002,2.205488990000001,58.4103415,107.02298970000001,116.57449951000001
rows2000-full_replay-w4-rep2,2000,full_replay,4,2,1048153,346118,2026-10-07T03:00:29.714000+00:00,2026-10-07T03:00:31.342866+00:00,705787052959,707415918531,100,100,100,1.628865572,2.069525353,61.392420417613195,145616896,55.2881555,90.6822623,158.11452433000005,885.731719,1486.8441905000004,1622.6498092900001
rows2000-full_replay-w4-rep1,2000,full_replay,4,1,1048153,346118,2026-10-07T03:00:31.392783+00:00,2026-10-07T03:00:32.907520+00:00,707465836521,708980572850,100,100,100,1.514736329,1.980001972,66.01809046596122,145793024,51.0326355,86.7656458,94.74493468,775.582317,1394.2122294000003,1503.52166729
rows2000-recoverability_v2-w1-rep0,2000,recoverability_v2,1,0,1048153,391245,2026-10-07T03:00:32.916258+00:00,2026-10-07T03:00:33.033740+00:00,708989311214,709106793242,100,100,100,0.117482028,0.117971758,851.1940226295719,145788928,1.0064730000000002,1.4593851000000002,2.103638310000004,62.9887045,103.62189130000002,114.22098024
rows2000-target_snapshots-w4-rep1,2000,target_snapshots,4,1,1048153,391245,2026-10-07T03:00:33.042443+00:00,2026-10-07T03:00:33.282839+00:00,709115496712,709355892123,100,100,100,0.240395411,0.269738883,415.9813183788271,145981440,9.424504500000001,10.890799800000003,13.979166740000005,117.42004399999999,215.42757020000002,235.82588157
rows2000-recoverability_v2-w4-rep1,2000,recoverability_v2,4,1,1048153,391245,2026-10-07T03:00:33.291971+00:00,2026-10-07T03:00:33.546135+00:00,709365024424,709619187733,100,100,100,0.254163309,0.274790881,393.4478205900286,146083840,9.547398999999999,14.160945400000001,17.06193616000001,116.70462950000001,228.10507590000006,250.17690769
rows2000-full_replay-w2-rep0,2000,full_replay,2,0,1048153,346118,2026-10-07T03:00:33.596424+00:00,2026-10-07T03:00:34.972442+00:00,709669477252,711045468703,100,100,100,1.375991451,1.74103775,72.67487012897146,146378752,27.1707605,30.2000616,31.28104164,705.935328,1239.2572635000001,1372.43127694
rows2000-target_snapshots-w2-rep0,2000,target_snapshots,2,0,1048153,391245,2026-10-07T03:00:34.981225+00:00,2026-10-07T03:00:35.221355+00:00,711054278315,711294407472,100,100,100,0.240129157,0.270703024,416.4425563697789,146427904,4.6440695000000005,6.2655093000000015,7.358495570000007,118.52523450000001,217.00806000000003,237.40003111
rows2000-full_replay-w1-rep0,2000,full_replay,1,0,1048153,346118,2026-10-07T03:00:35.270891+00:00,2026-10-07T03:00:36.269464+00:00,711343943735,712342516210,100,100,100,0.998572475,1.014997466,100.14295657408341,146567168,9.390378,11.147986800000002,18.74580073000004,525.0403085,900.6486835000001,987.3092576500001
rows2000-full_replay-w2-rep2,2000,full_replay,2,2,1048153,346118,2026-10-07T03:00:36.324410+00:00,2026-10-07T03:00:37.434310+00:00,712397462216,713507362775,100,100,100,1.109900559,1.395311261,90.09816166783281,146677760,21.2448615,24.4379571,54.016799680000005,556.800298,1012.2481235,1098.60746502
rows2000-recoverability_v2-w2-rep1,2000,recoverability_v2,2,1,1048153,391245,2026-10-07T03:00:37.443543+00:00,2026-10-07T03:00:37.675085+00:00,713516596153,713748137826,100,100,100,0.231541673,0.25481399,431.8876973822332,144814080,4.4737884999999995,5.4970752,5.820774360000003,119.23796999999999,208.26980890000002,228.27190998
rows2000-full_replay-w2-rep1,2000,full_replay,2,1,1048153,346118,2026-10-07T03:00:37.720575+00:00,2026-10-07T03:00:38.784348+00:00,713793628929,714857400151,100,100,100,1.063771222,1.359839821,94.00517510897659,144875520,21.0641825,23.5238156,27.043950830000014,539.49108,959.9175564000001,1060.77624046
rows2000-recoverability_v2-w1-rep1,2000,recoverability_v2,1,1,1048153,391245,2026-10-07T03:00:38.792804+00:00,2026-10-07T03:00:38.913328+00:00,714865857277,714986380351,100,100,100,0.120523074,0.124875958,829.7166399854688,144953344,1.0724575,1.422265600000001,1.971596600000001,59.0767035,107.84510420000001,117.90164109000001
rows2000-recoverability_v2-w4-rep2,2000,recoverability_v2,4,2,1048153,391245,2026-10-07T03:00:38.921681+00:00,2026-10-07T03:00:39.148640+00:00,714994734068,715221692977,100,100,100,0.226958909,0.254584602,440.6083922442543,145092608,8.863453,10.7386715,12.12125983,118.8582905,205.2858018,224.08408718
rows2000-recoverability_v2-w1-rep2,2000,recoverability_v2,1,2,1048153,391245,2026-10-07T03:00:39.157247+00:00,2026-10-07T03:00:39.268658+00:00,715230300597,715341710914,100,100,100,0.111410317,0.114867647,897.5829410843522,145158144,0.9977575000000001,1.2641152000000004,1.958812480000008,55.566477500000005,99.77548780000001,109.22749188
rows2000-full_replay-w4-rep0,2000,full_replay,4,0,1048153,346118,2026-10-07T03:00:39.333693+00:00,2026-10-07T03:00:40.876481+00:00,715406746226,716949533228,100,100,100,1.542787002,1.943407659,64.81776153828395,147546112,56.9854835,82.5471531,119.27808212000005,804.7716835000001,1399.2056297000001,1537.0986202899999
rows2000-recoverability_v2-w2-rep0,2000,recoverability_v2,2,0,1048153,391245,2026-10-07T03:00:40.885446+00:00,2026-10-07T03:00:41.080835+00:00,716958499839,717153888031,100,100,100,0.195388192,0.218443089,511.80165483080987,147570688,3.6757239999999998,5.029228000000001,6.016189710000002,98.483642,173.71916240000002,193.0699366
rows2000-full_replay-w1-rep1,2000,full_replay,1,1,1048153,346118,2026-10-07T03:00:41.127998+00:00,2026-10-07T03:00:42.072543+00:00,717201051138,718145596456,100,100,100,0.944545318,0.957446047,105.87104514131953,147705856,8.954968000000001,10.1842337,16.744363980000045,459.6380265,842.2116016,934.15578101
rows2000-target_snapshots-w1-rep2,2000,target_snapshots,1,2,1048153,391245,2026-10-07T03:00:42.081393+00:00,2026-10-07T03:00:42.192923+00:00,718154446546,718265975678,100,100,100,0.111529132,0.115006221,896.6267217071141,147783680,0.9998655,1.3803133,1.6760278300000004,54.5051505,97.63911110000001,108.81281885000001
rows2000-target_snapshots-w2-rep1,2000,target_snapshots,2,1,1048153,391245,2026-10-07T03:00:42.202423+00:00,2026-10-07T03:00:42.395005+00:00,718275476562,718468058268,100,100,100,0.192581706,0.217297802,519.2601212079823,147861504,3.7129285000000003,4.5930952000000005,5.3223219700000035,98.9243345,171.7612468,189.78676348
rows2000-target_snapshots-w4-rep2,2000,target_snapshots,4,2,1048153,391245,2026-10-07T03:00:42.403668+00:00,2026-10-07T03:00:42.654650+00:00,718476721448,718727703149,100,100,100,0.250981701,0.285594263,398.435422190401,147980288,9.313237,12.695771800000001,16.699182160000007,135.7297255,228.3945522,246.38540992
rows2000-recoverability_v2-w2-rep2,2000,recoverability_v2,2,2,1048153,391245,2026-10-07T03:00:42.662792+00:00,2026-10-07T03:00:42.859459+00:00,718735845723,718932511854,100,100,100,0.196666131,0.223602551,508.47596122181307,148103168,3.8710275000000003,4.7485306000000005,5.299430300000002,99.2323925,177.10483860000002,194.92328673
rows2000-target_snapshots-w2-rep2,2000,target_snapshots,2,2,1048153,391245,2026-10-07T03:00:42.867397+00:00,2026-10-07T03:00:43.119821+00:00,718940450861,719192874229,100,100,100,0.252423368,0.269387523,396.15983572487636,148180992,4.6507325,7.495883700000002,11.148824620000005,126.5314745,233.76694940000002,249.65281609
rows2000-full_replay-w1-rep2,2000,full_replay,1,2,1048153,346118,2026-10-07T03:00:43.167210+00:00,2026-10-07T03:00:44.093939+00:00,719240263901,720166992294,100,100,100,0.926728393,0.950280199,107.90648128982059,148434944,9.029596999999999,10.060451,10.89631943,467.468458,833.0248269,915.2218253500001
rows2000-target_snapshots-w4-rep0,2000,target_snapshots,4,0,1048153,391245,2026-10-07T03:00:44.103027+00:00,2026-10-07T03:00:44.343975+00:00,720176080494,720417028139,100,100,100,0.240947645,0.27272785,415.0279202770378,148557824,9.1240505,11.7508329,13.658094110000004,120.10952800000001,216.46343780000004,237.57560877
rows2000-target_snapshots-w1-rep0,2000,target_snapshots,1,0,1048153,391245,2026-10-07T03:00:44.352130+00:00,2026-10-07T03:00:44.459082+00:00,720425183919,720532134494,100,100,100,0.106950575,0.110894045,935.0113358436829,148623360,0.964155,1.2294389000000001,1.6566438100000007,54.176745999999994,95.7883243,104.70501512000001
rows2000-recoverability_v2-w4-rep0,2000,recoverability_v2,4,0,1048153,391245,2026-10-07T03:00:44.466892+00:00,2026-10-07T03:00:44.745968+00:00,720539945279,720819020530,100,100,100,0.279075251,0.31444179,358.32629243071074,148738048,10.6471045,14.2861877,17.217891630000004,139.72830449999998,248.9244925,270.94263161000003
rows10000-full_replay-w2-rep0,10000,full_replay,2,0,6780612,1693873,2026-10-07T03:00:45.060630+00:00,2026-10-07T03:00:48.229039+00:00,721133683750,724302091953,100,100,100,3.168408203,5.003758154,31.56158979304347,171601920,61.381887000000006,66.17902110000001,124.1165630000001,1665.4441674999998,2859.4632985000007,3162.5136868900004
rows10000-full_replay-w1-rep0,10000,full_replay,1,0,6780612,1693873,2026-10-07T03:00:48.393262+00:00,2026-10-07T03:00:51.474630+00:00,724466315587,727547683206,100,100,100,3.081367619,3.132480294,32.45312223812267,166453248,30.271756500000002,32.3004954,39.60716657000001,1561.8627084999998,2781.9852605,3049.5838678400005
rows10000-target_snapshots-w4-rep0,10000,target_snapshots,4,0,6780612,1899000,2026-10-07T03:00:51.484787+00:00,2026-10-07T03:00:51.722375+00:00,727557840065,727795428198,100,100,100,0.237588133,0.264373785,420.8964426687085,160067584,9.1519455,11.363542800000001,12.831578420000005,129.42668400000002,215.43839770000002,234.11836805000002
rows10000-full_replay-w4-rep0,10000,full_replay,4,0,6780612,1693873,2026-10-07T03:00:51.883213+00:00,2026-10-07T03:00:54.532851+00:00,727956266655,730605903709,100,100,100,2.649637054,5.066948769,37.74101809492584,186380288,107.263296,120.42365380000001,132.34875165000003,1456.1177685,2464.5328860000004,2641.9782834899997
rows10000-recoverability_v2-w2-rep1,10000,recoverability_v2,2,1,6780612,1899000,2026-10-07T03:00:54.544115+00:00,2026-10-07T03:00:54.758641+00:00,730617168853,730831694197,100,100,100,0.214525344,0.243946051,466.14538932985,163856384,4.156815,5.3554189,6.356591190000001,110.026186,194.28971080000002,211.00426171
rows10000-recoverability_v2-w1-rep1,10000,recoverability_v2,1,1,6780612,1899000,2026-10-07T03:00:54.769310+00:00,2026-10-07T03:00:54.914560+00:00,730842363729,730987613462,100,100,100,0.145249733,0.149770372,688.4694238990443,163880960,1.0010165,1.2963795000000005,2.3875160500001664,90.8244645,133.2286613,142.60771012
rows10000-target_snapshots-w1-rep0,10000,target_snapshots,1,0,6780612,1899000,2026-10-07T03:00:54.924488+00:00,2026-10-07T03:00:55.035897+00:00,730997541761,731108949630,100,100,100,0.111407869,0.115335947,897.6026639554518,163885056,1.012465,1.2241720000000007,1.8128400700000005,56.080614499999996,99.0453857,109.227077
rows10000-target_snapshots-w4-rep1,10000,target_snapshots,4,1,6780612,1899000,2026-10-07T03:00:55.045980+00:00,2026-10-07T03:00:55.261699+00:00,731119032566,731334752173,100,100,100,0.215719607,0.243689617,463.564723627556,163983360,8.395907999999999,10.135969500000002,11.499479230000002,111.66548800000001,195.06282420000002,212.46854698
rows10000-recoverability_v2-w1-rep0,10000,recoverability_v2,1,0,6780612,1899000,2026-10-07T03:00:55.272072+00:00,2026-10-07T03:00:55.394399+00:00,731345125739,731467450952,100,100,100,0.122325213,0.126973251,817.4929562558783,163979264,1.085723,1.4029141000000012,1.9640168400000038,63.297062499999996,109.32387240000001,118.95198359000001
rows10000-recoverability_v2-w4-rep0,10000,recoverability_v2,4,0,6780612,1899000,2026-10-07T03:00:55.404965+00:00,2026-10-07T03:00:55.714394+00:00,731478018598,731787447173,100,100,100,0.309428575,0.324947058,323.1763582274197,164061184,10.856323,17.620489700000007,30.748879810000002,161.75516149999999,283.25503530000003,304.52432371000003
rows10000-recoverability_v2-w4-rep2,10000,recoverability_v2,4,2,6780612,1899000,2026-10-07T03:00:55.726385+00:00,2026-10-07T03:00:55.968985+00:00,731799437849,732042037546,100,100,100,0.242599697,0.266476814,412.2016689905429,164225024,8.615085,10.976275600000006,24.532894510000023,132.672208,219.29373800000002,238.30764176
rows10000-recoverability_v2-w4-rep1,10000,recoverability_v2,4,1,6780612,1899000,2026-10-07T03:00:55.978609+00:00,2026-10-07T03:00:56.192868+00:00,732051662702,732265921640,100,100,100,0.214258938,0.242110517,466.7249867541115,164315136,8.368993,9.729555400000002,11.128323920000003,107.44530449999999,189.76824090000002,210.68543541
rows10000-target_snapshots-w2-rep2,10000,target_snapshots,2,2,6780612,1899000,2026-10-07T03:00:56.203316+00:00,2026-10-07T03:00:56.400908+00:00,732276369893,732473960210,100,100,100,0.197590317,0.225825191,506.097674816727,164352000,3.91385,4.601336100000001,5.6384330600000006,98.016678,177.3263536,194.94680465000002
rows10000-full_replay-w4-rep1,10000,full_replay,4,1,6780612,1693873,2026-10-07T03:00:56.564485+00:00,2026-10-07T03:00:58.785927+00:00,732637538339,734858979635,100,100,100,2.221441296,4.20241364,45.01581931517312,187572224,84.6135165,98.92936620000003,138.77655076000008,1121.196262,1988.3972533,2197.41256744
rows10000-recoverability_v2-w2-rep2,10000,recoverability_v2,2,2,6780612,1899000,2026-10-07T03:00:58.796941+00:00,2026-10-07T03:00:59.007939+00:00,734869994522,735080992129,100,100,100,0.210997607,0.230499784,473.93902434163624,164102144,3.939981,5.441436300000001,9.794938,110.996309,189.41324840000001,206.88305868
rows10000-target_snapshots-w2-rep1,10000,target_snapshots,2,1,6780612,1899000,2026-10-07T03:00:59.018192+00:00,2026-10-07T03:00:59.248462+00:00,735091244286,735321514560,100,100,100,0.230270274,0.258064945,434.2722934354957,164175872,4.4064445,5.1895546999999995,7.690831390000003,119.671833,207.18222100000003,227.66549974
rows10000-target_snapshots-w1-rep1,10000,target_snapshots,1,1,6780612,1899000,2026-10-07T03:00:59.258521+00:00,2026-10-07T03:00:59.378494+00:00,735331574647,735451546477,100,100,100,0.11997183,0.123692429,833.529004267085,164237312,1.0899465,1.4782460000000002,1.9782608400000004,57.6764875,107.36034910000001,117.33406851000001
rows10000-full_replay-w2-rep2,10000,full_replay,2,2,6780612,1693873,2026-10-07T03:00:59.539192+00:00,2026-10-07T03:01:02.421347+00:00,735612236529,738494399540,100,100,100,2.882163011,4.662363614,34.69616382499609,176877568,57.137621,62.2284531,65.33988652000001,1456.1067065000002,2590.7039799000004,2876.8624343300003
rows10000-full_replay-w1-rep2,10000,full_replay,1,2,6780612,1693873,2026-10-07T03:01:02.583417+00:00,2026-10-07T03:01:05.619275+00:00,738656470682,741692327609,100,100,100,3.035856927,3.083071126,32.93962871261488,171859968,29.828356499999998,31.749198500000002,35.40028698000007,1532.206255,2727.0509520000005,3001.12314129
rows10000-recoverability_v2-w1-rep2,10000,recoverability_v2,1,2,6780612,1899000,2026-10-07T03:01:05.630249+00:00,2026-10-07T03:01:05.752413+00:00,741703301709,741825465033,100,100,100,0.122163324,0.12743977,818.5762856289011,165371904,1.095965,1.4824500000000003,1.8590906800000004,62.2062985,108.37915820000002,119.30709475
rows10000-target_snapshots-w4-rep2,10000,target_snapshots,4,2,6780612,1899000,2026-10-07T03:01:05.763719+00:00,2026-10-07T03:01:05.988269+00:00,741836772235,742061322208,100,100,100,0.224549973,0.25050158,445.3351682211068,165507072,8.629171,10.332442200000001,13.830777320000003,112.757273,197.68670680000005,219.82955579999998
rows10000-target_snapshots-w1-rep2,10000,target_snapshots,1,2,6780612,1899000,2026-10-07T03:01:05.998282+00:00,2026-10-07T03:01:06.118378+00:00,742071335433,742191430321,100,100,100,0.120094888,0.124776753,832.6749095265404,165556224,1.067857,1.4469555000000005,1.98927337,61.4917065,107.5610096,117.69587451
rows10000-full_replay-w1-rep1,10000,full_replay,1,1,6780612,1693873,2026-10-07T03:01:06.278155+00:00,2026-10-07T03:01:09.643632+00:00,742351208098,745716684648,100,100,100,3.36547655,3.404016849,29.71347401009227,172462080,30.758381,43.85377490000005,66.85773307,1859.3544995,3064.2037613,3333.8823436800003
rows10000-target_snapshots-w2-rep0,10000,target_snapshots,2,0,6780612,1899000,2026-10-07T03:01:09.653396+00:00,2026-10-07T03:01:09.866769+00:00,745726449567,745939821281,100,100,100,0.213371714,0.230566963,468.6656826499505,165867520,3.8744009999999998,5.8638079,15.185253820000002,112.8932255,190.7305602,209.70812438
rows10000-full_replay-w2-rep1,10000,full_replay,2,1,6780612,1693873,2026-10-07T03:01:10.027854+00:00,2026-10-07T03:01:12.149704+00:00,746100907498,748222756641,100,100,100,2.121849143,3.45725909,47.128703908994154,177840128,40.7623665,45.805538899999995,68.6885180400001,1068.3854535,1921.4692262000003,2098.0478095500002
rows10000-full_replay-w4-rep2,10000,full_replay,4,2,6780612,1693873,2026-10-07T03:01:12.310329+00:00,2026-10-07T03:01:14.806880+00:00,748383381125,750879932508,100,100,100,2.496551383,4.699987637,40.05525409208051,188805120,93.2306895,124.7852036,148.8968614800001,1211.0068390000001,2289.1627746000004,2474.70188139
rows10000-recoverability_v2-w2-rep0,10000,recoverability_v2,2,0,6780612,1899000,2026-10-07T03:01:14.816989+00:00,2026-10-07T03:01:15.017879+00:00,750890041983,751090932100,100,100,100,0.200890117,0.229169677,497.78456747078303,166318080,3.8950965,4.7935937,6.306083410000002,101.1834225,179.56996830000003,198.39741431000002
