case_id,dataset,rows,model,change,boundary,versions,repeat,capture_total_s,operator_total_s,lineage_serialization_s,instrumentation_upper_bound_s,nodes,unique_blobs,metadata_bytes,full_bytes,required_input_bytes,protect_intermediate
case00-rep0,synthetic,2000,logistic,parameters,deterministic,5,0,0.0339442469999085,0.024648066997542628,0.006520608999835531,0.009296180002365872,17,16,9853,1048155,346120,
case00-rep1,synthetic,2000,logistic,parameters,deterministic,5,1,0.03411521700036246,0.0258793540001534,0.0059180119997108704,0.008235863000209065,17,16,9852,1048154,346119,
case00-rep2,synthetic,2000,logistic,parameters,deterministic,5,2,0.03452825299973483,0.026122053001017775,0.005827269002111279,0.008406199998717057,17,16,9853,1048155,346120,
case00-rep3,synthetic,2000,logistic,parameters,deterministic,5,3,0.03300188499997603,0.024646623000535328,0.005748358000346343,0.0083552619994407,17,16,9852,1048154,346119,
case00-rep4,synthetic,2000,logistic,parameters,deterministic,5,4,0.03356703400004335,0.02539555600105814,0.005696530998648086,0.00817147799898521,17,16,9853,1048155,346120,
case01-rep0,synthetic,2000,logistic,parameters,opaque,5,0,0.04322884900011559,0.028096250999624317,0.009361143999740307,0.01513259800049127,30,29,15161,3936610,351428,
case01-rep1,synthetic,2000,logistic,parameters,opaque,5,1,0.0393747580001218,0.026891886998782866,0.007569671000055678,0.012482871001338935,30,29,15164,3936613,351431,
case01-rep2,synthetic,2000,logistic,parameters,opaque,5,2,0.0508326260001013,0.0358017069993366,0.008513291999406647,0.015030919000764698,30,29,15162,3936611,351429,
case01-rep3,synthetic,2000,logistic,parameters,opaque,5,3,0.043402182000136236,0.03072775799773808,0.007491171001674957,0.012674424002398155,30,29,15161,3936610,351428,
case01-rep4,synthetic,2000,logistic,parameters,opaque,5,4,0.049633656999958475,0.03590073200075494,0.007498107998799242,0.013732924999203533,30,29,15161,3936610,351428,
case02-rep0,synthetic,10000,logistic,parameters,deterministic,5,0,0.13532604400006676,0.09220768500108534,0.02889921700125342,0.04311835899898142,25,25,13040,6780611,1693872,
case02-rep1,synthetic,10000,logistic,parameters,deterministic,5,1,0.09677778600007514,0.0647692559987263,0.0258667780021824,0.032008530001348845,25,25,13039,6780610,1693871,
case02-rep2,synthetic,10000,logistic,parameters,deterministic,5,2,0.1315321799997946,0.09266197399801968,0.030843019002531946,0.03887020600177493,25,25,13037,6780608,1693869,
case02-rep3,synthetic,10000,logistic,parameters,deterministic,5,3,0.1065900129997317,0.0718984229997659,0.027183843000329944,0.0346915899999658,25,25,13043,6780614,1693875,
case02-rep4,synthetic,10000,logistic,parameters,deterministic,5,4,0.1090853010000501,0.07504127199899813,0.027486554999541113,0.03404402900105197,25,25,13042,6780613,1693874,
case03-rep0,synthetic,10000,logistic,parameters,opaque,5,0,0.12041670400003568,0.06846196499827784,0.033529969000937854,0.051954739001757844,38,38,18360,21189078,1699192,
case03-rep1,synthetic,10000,logistic,parameters,opaque,5,1,0.12638410399995337,0.07067065899809677,0.035627783997824736,0.0557134450018566,38,38,18356,21189074,1699188,
case03-rep2,synthetic,10000,logistic,parameters,opaque,5,2,0.13970400100015468,0.08347020900100688,0.036445531000481424,0.0562337919991478,38,38,18362,21189080,1699194,
case03-rep3,synthetic,10000,logistic,parameters,opaque,5,3,0.14317013299978498,0.08513941999854069,0.03635094499895786,0.058030713001244294,38,38,18353,21189071,1699185,
case03-rep4,synthetic,10000,logistic,parameters,opaque,5,4,0.12335290999999415,0.07164104599860366,0.032938807002210524,0.051711864001390495,38,38,18355,21189073,1699187,
case04-rep0,synthetic,10000,logistic,data,deterministic,5,0,0.10689142799992624,0.0737182800003211,0.02667196399988825,0.033173147999605135,45,45,21847,22214976,3013955,
case04-rep1,synthetic,10000,logistic,data,deterministic,5,1,0.11857239099981598,0.07903426899747501,0.03176851199987141,0.03953812200234097,45,45,21850,22214979,3013958,
case04-rep2,synthetic,10000,logistic,data,deterministic,5,2,0.11731856899996274,0.0821225610015972,0.02836600299951897,0.03519600799836553,45,45,21844,22214973,3013952,
case04-rep3,synthetic,10000,logistic,data,deterministic,5,3,0.11464640600024723,0.07619181499921979,0.030161295998368587,0.03845459100102744,45,45,21851,22214980,3013959,
case04-rep4,synthetic,10000,logistic,data,deterministic,5,4,0.13177646000031018,0.09567753100327536,0.027203262000966788,0.03609892899703482,45,45,21859,22214988,3013967,
case05-rep0,synthetic,10000,logistic,data,opaque,5,0,0.12547726200000398,0.06820628000195939,0.03527871699907337,0.05727098199804459,50,50,23748,30217572,3015856,
case05-rep1,synthetic,10000,logistic,data,opaque,5,1,0.11655219400017813,0.06534709299694441,0.03232218200037096,0.05120510100323372,50,50,23752,30217576,3015860,
case05-rep2,synthetic,10000,logistic,data,opaque,5,2,0.13611091400025543,0.08222848400100702,0.03366432500297378,0.053882429999248416,50,50,23748,30217572,3015856,
case05-rep3,synthetic,10000,logistic,data,opaque,5,3,0.13268055800017464,0.07691202099795191,0.03388109000388795,0.05576853700222273,50,50,23754,30217578,3015862,
case05-rep4,synthetic,10000,logistic,data,opaque,5,4,0.13200572799996735,0.07692727100084085,0.0343364059981468,0.0550784569991265,50,50,23757,30217581,3015865,
case06-rep0,breast_cancer,569,logistic,parameters,deterministic,5,0,0.028474729000208754,0.02037665299985747,0.00322846600010962,0.008098076000351284,17,16,9849,447049,151228,
case06-rep1,breast_cancer,569,logistic,parameters,deterministic,5,1,0.02906699799996204,0.020967540000128793,0.0034590010009196703,0.008099457999833248,17,16,9850,447050,151229,
case06-rep2,breast_cancer,569,logistic,parameters,deterministic,5,2,0.02680812499966123,0.01949844800037681,0.0032026429998950334,0.00730967699928442,17,16,9853,447053,151232,
case06-rep3,breast_cancer,569,logistic,parameters,deterministic,5,3,0.026704353999775776,0.019610164000823715,0.003187112001796777,0.007094189998952061,17,16,9853,447053,151232,
case06-rep4,breast_cancer,569,logistic,parameters,deterministic,5,4,0.027931663000344997,0.0207934880004359,0.0032925250011430762,0.007138174999909097,17,16,9855,447055,151234,
case07-rep0,breast_cancer,569,logistic,parameters,opaque,5,0,0.03118533099996057,0.02158192600018083,0.003972206997786998,0.009603404999779741,30,29,15161,1685188,156540,
case07-rep1,breast_cancer,569,logistic,parameters,opaque,5,1,0.03620974000023125,0.024809494997043657,0.004479958000956685,0.011400245003187592,30,29,15167,1685194,156546,
case07-rep2,breast_cancer,569,logistic,parameters,opaque,5,2,0.03262054500009981,0.019006727000942192,0.003943951999190176,0.013613817999157618,30,29,15161,1685188,156540,
case07-rep3,breast_cancer,569,logistic,parameters,opaque,5,3,0.02872267299972009,0.01919278800050961,0.003990613997757464,0.00952988499921048,30,29,15165,1685192,156544,
case07-rep4,breast_cancer,569,logistic,parameters,opaque,5,4,0.027047703999869555,0.018274785001267446,0.0037384849997579295,0.008772918998602108,30,29,15159,1685186,156538,
case08-rep0,breast_cancer,569,forest,parameters,deterministic,5,0,0.10475636799992571,0.0894248189983955,0.00825744000121631,0.01533154900153022,17,15,9842,728793,151221,
case08-rep1,breast_cancer,569,forest,parameters,deterministic,5,1,0.09160462099998767,0.07849989900068977,0.00675665499875322,0.013104721999297908,17,16,9841,733295,151220,
case08-rep2,breast_cancer,569,forest,parameters,deterministic,5,2,0.09982414499972947,0.08412363999968875,0.008932753000408411,0.01570050500004072,17,16,9842,734391,151221,
case08-rep3,breast_cancer,569,forest,parameters,deterministic,5,3,0.09777835500017318,0.0843473809995885,0.006920864997937315,0.013430974000584683,17,16,9841,718453,151220,
case08-rep4,breast_cancer,569,forest,parameters,deterministic,5,4,0.09036966300027416,0.07749003900289608,0.006534362000365945,0.012879623997378076,17,16,9842,714990,151221,
case09-rep0,breast_cancer,569,forest,parameters,opaque,5,0,0.12042555399966659,0.10155007899993507,0.00916932499876566,0.018875474999731523,30,29,15155,1983830,156534,
case09-rep1,breast_cancer,569,forest,parameters,opaque,5,1,0.09843839399991339,0.08289905800029373,0.007464027000878559,0.015539335999619652,30,29,15152,1966561,156531,
case09-rep2,breast_cancer,569,forest,parameters,opaque,5,2,0.09288161499989656,0.07787522200169406,0.007412782001210871,0.0150063929982025,30,29,15153,1960609,156532,
case09-rep3,breast_cancer,569,forest,parameters,opaque,5,3,0.09613710900021033,0.08072938199984492,0.007752609000817756,0.015407727000365412,30,29,15156,1967035,156535,
case09-rep4,breast_cancer,569,forest,parameters,opaque,5,4,0.09286425799973586,0.07782119200101079,0.007506590999582841,0.01504306599872507,30,29,15155,1960786,156534,
case10-rep0,synthetic,2000,logistic,parameters,opaque,5,0,0.03852332600035879,0.026151989998652425,0.0069902029954391764,0.012371336001706368,30,29,15498,3936947,351765,True
case10-rep1,synthetic,2000,logistic,parameters,opaque,5,1,0.039367866000247886,0.027229462000832427,0.0069590649995916465,0.012138403999415459,30,29,15492,3936941,351759,True
case10-rep2,synthetic,2000,logistic,parameters,opaque,5,2,0.037195841999619006,0.02557703499951458,0.00685600200040426,0.011618807000104425,30,29,15495,3936944,351762,True
case10-rep3,synthetic,2000,logistic,parameters,opaque,5,3,0.035253111999736575,0.023219010001412244,0.0070459489988934365,0.012034101998324331,30,29,15496,3936945,351763,True
case10-rep4,synthetic,2000,logistic,parameters,opaque,5,4,0.03818007400013812,0.026363189001131104,0.006931699001142988,0.011816884999007016,30,29,15493,3936942,351760,True
