case_id,dataset,rows,model,change,boundary,versions,repeat,capture_total_s,operator_total_s,lineage_serialization_s,instrumentation_upper_bound_s,nodes,unique_blobs,metadata_bytes,full_bytes,required_input_bytes,trees,depth
case00-rep0,digits,1797,logistic,parameters,deterministic,5,0,0.33665129300015906,0.30883499499850586,0.020187519002320187,0.027816298001653195,17,16,9853,3019778,944560,,
case00-rep1,digits,1797,logistic,parameters,deterministic,5,1,0.38153703900024993,0.3541322020005282,0.020317129999057215,0.027404836999721738,17,16,9854,3019779,944561,,
case00-rep2,digits,1797,logistic,parameters,deterministic,5,2,0.3264382239999577,0.2988455959998646,0.020283716001358698,0.0275926280000931,17,16,9854,3019779,944561,,
case01-rep0,digits,1797,forest,parameters,deterministic,5,0,0.39333964800016474,0.32081182999900193,0.055473627999163,0.07252781800116281,17,16,9852,9661949,944559,24,8
case01-rep1,digits,1797,forest,parameters,deterministic,5,1,0.3394305449996864,0.27842532599925107,0.04664288099957048,0.06100521900043532,17,16,9860,9652030,944567,24,8
case01-rep2,digits,1797,forest,parameters,deterministic,5,2,0.34445937700002105,0.285527064001144,0.043784771999980876,0.05893231299887702,17,16,9855,9582505,944562,24,8
case02-rep0,wine,178,logistic,parameters,deterministic,5,0,0.021672004999800265,0.0181937929992273,0.001777103000677016,0.0034782120005729666,17,16,9851,80927,30043,,
case02-rep1,wine,178,logistic,parameters,deterministic,5,1,0.01942803100018864,0.016040582997902675,0.0018226290017082647,0.0033874480022859643,17,16,9853,80929,30045,,
case02-rep2,wine,178,logistic,parameters,deterministic,5,2,0.02814362999970399,0.024742475998664304,0.0018377660016994923,0.0034011540010396857,17,16,9850,80926,30042,,
case03-rep0,wine,178,forest,parameters,deterministic,5,0,0.11248956300005375,0.09779767399959383,0.008411212001192325,0.014691889000459923,17,12,9839,463192,30031,24,8
case03-rep1,wine,178,forest,parameters,deterministic,5,1,0.12468452200027969,0.10962284699871816,0.008709215000635595,0.015061675001561525,17,12,9838,459766,30030,24,8
case03-rep2,wine,178,forest,parameters,deterministic,5,2,0.16104470999971454,0.14039780499888366,0.012623811001503782,0.020646905000830884,17,12,9842,474995,30034,24,8
case04-rep0,digits,1797,logistic,parameters,opaque,5,0,0.3516081299999314,0.3189483809992453,0.018477458002053027,0.032659749000686134,30,29,15170,11311634,949877,,
case04-rep1,digits,1797,logistic,parameters,opaque,5,1,0.4224285189998227,0.38326420299972597,0.02172089200166738,0.03916431600009673,30,29,15171,11311635,949878,,
case04-rep2,digits,1797,logistic,parameters,opaque,5,2,0.34600713999998334,0.3133748899958846,0.018555706000370265,0.03263225000409875,30,29,15171,11311635,949878,,
case05-rep0,digits,1797,forest,parameters,opaque,5,0,0.8718531740000799,0.7935207650011762,0.05398708899974736,0.0783324089989037,30,29,15172,17522248,949879,24,8
case05-rep1,digits,1797,forest,parameters,opaque,5,1,0.766004934999728,0.6976979809996919,0.046907822999401105,0.06830695400003606,30,29,15175,17542192,949882,24,8
case05-rep2,digits,1797,forest,parameters,opaque,5,2,0.8661772350001229,0.7891279930004202,0.051851177000571624,0.07704924199970264,30,29,15168,17563349,949875,24,8
case06-rep0,wine,178,logistic,parameters,opaque,5,0,0.023996475999865652,0.019691506000071968,0.0021233219999885478,0.004304969999793684,30,29,15153,255446,35345,,
case06-rep1,wine,178,logistic,parameters,opaque,5,1,0.021420615000351972,0.017714887001147872,0.0019085969965999539,0.0037057279992041003,30,29,15153,255446,35345,,
case06-rep2,wine,178,logistic,parameters,opaque,5,2,0.021423509000214835,0.01708396600179185,0.00206638699864925,0.004339542998422985,30,29,15157,255450,35349,,
case07-rep0,wine,178,forest,parameters,opaque,5,0,0.12261290100013866,0.10620143700225526,0.009894068000448897,0.016411463997883402,30,29,15143,646335,35335,24,8
case07-rep1,wine,178,forest,parameters,opaque,5,1,0.13918276899994453,0.1206195389986533,0.01081141000122443,0.01856323000129123,30,29,15142,640985,35334,24,8
case07-rep2,wine,178,forest,parameters,opaque,5,2,0.12243110600002183,0.1058013730012135,0.009167010000510345,0.016629732998808322,30,29,15142,659285,35334,24,8
