rows,scope,seed,budget_bytes,minimum_feasible_bytes,full_bytes,exact_feasible,heuristic_accepted,heuristic_status,heuristic_bytes,exact_estimated_s,heuristic_estimated_s,relative_objective_gap,subsets_tested
16,fit,21,5466,5467,7801,False,False,heuristic_cannot_fit,5467,,,,128
16,fit,21,5467,5467,7801,True,True,ok,5467,4.0808000000000006e-05,4.0808000000000006e-05,0.0,128
16,fit,21,6634,5467,7801,True,True,ok,5467,4.0808000000000006e-05,4.0808000000000006e-05,0.0,128
16,fit,21,7801,5467,7801,True,True,ok,5467,4.0808000000000006e-05,4.0808000000000006e-05,0.0,128
16,fit,22,5468,5469,7803,False,False,heuristic_cannot_fit,5469,,,,128
16,fit,22,5469,5469,7803,True,True,ok,5469,4.0808000000000006e-05,4.0808000000000006e-05,0.0,128
16,fit,22,6636,5469,7803,True,True,ok,5469,4.0808000000000006e-05,4.0808000000000006e-05,0.0,128
16,fit,22,7803,5469,7803,True,True,ok,5469,4.0808000000000006e-05,4.0808000000000006e-05,0.0,128
16,scaled,21,6090,6091,7803,False,False,heuristic_cannot_fit,6091,,,,128
16,scaled,21,6091,6091,7803,True,True,ok,6091,4.2052e-05,4.2052e-05,0.0,128
16,scaled,21,6947,6091,7803,True,True,ok,6091,4.2052e-05,4.2052e-05,0.0,128
16,scaled,21,7803,6091,7803,True,True,ok,6091,4.2052e-05,4.2052e-05,0.0,128
16,scaled,22,6090,6091,7803,False,False,heuristic_cannot_fit,6091,,,,128
16,scaled,22,6091,6091,7803,True,True,ok,6091,4.2052e-05,4.2052e-05,0.0,128
16,scaled,22,6947,6091,7803,True,True,ok,6091,4.2052e-05,4.2052e-05,0.0,128
16,scaled,22,7803,6091,7803,True,True,ok,6091,4.2052e-05,4.2052e-05,0.0,128
16,both,21,6224,6225,7937,False,False,heuristic_cannot_fit,6225,,,,128
16,both,21,6225,6225,7937,True,True,ok,6225,0.0023031860000366907,0.0023031860000366907,0.0,128
16,both,21,7081,6225,7937,True,True,ok,6629,8.286e-05,8.286e-05,0.0,128
16,both,21,7937,6225,7937,True,True,ok,6629,8.286e-05,8.286e-05,0.0,128
16,both,22,6225,6226,7938,False,False,heuristic_cannot_fit,6226,,,,128
16,both,22,6226,6226,7938,True,True,ok,6226,0.001571555999336157,0.001571555999336157,0.0,128
16,both,22,7082,6226,7938,True,True,ok,6630,8.286e-05,8.286e-05,0.0,128
16,both,22,7938,6226,7938,True,True,ok,6630,8.286e-05,8.286e-05,0.0,128
64,fit,21,6625,6626,13952,False,False,heuristic_cannot_fit,6626,,,,128
64,fit,21,6626,6626,13952,True,True,ok,6626,4.0808000000000006e-05,4.0808000000000006e-05,0.0,128
64,fit,21,10289,6626,13952,True,True,ok,6626,4.0808000000000006e-05,4.0808000000000006e-05,0.0,128
64,fit,21,13952,6626,13952,True,True,ok,6626,4.0808000000000006e-05,4.0808000000000006e-05,0.0,128
64,fit,22,6627,6628,13954,False,False,heuristic_cannot_fit,6628,,,,128
64,fit,22,6628,6628,13954,True,True,ok,6628,4.0808000000000006e-05,4.0808000000000006e-05,0.0,128
64,fit,22,10291,6628,13954,True,True,ok,6628,4.0808000000000006e-05,4.0808000000000006e-05,0.0,128
64,fit,22,13954,6628,13954,True,True,ok,6628,4.0808000000000006e-05,4.0808000000000006e-05,0.0,128
64,scaled,21,9547,9548,13948,False,False,heuristic_cannot_fit,9548,,,,128
64,scaled,21,9548,9548,13948,True,True,ok,9548,4.6660000000000004e-05,4.6660000000000004e-05,0.0,128
64,scaled,21,11748,9548,13948,True,True,ok,9548,4.6660000000000004e-05,4.6660000000000004e-05,0.0,128
64,scaled,21,13948,9548,13948,True,True,ok,9548,4.6660000000000004e-05,4.6660000000000004e-05,0.0,128
64,scaled,22,9552,9553,13953,False,False,heuristic_cannot_fit,9553,,,,128
64,scaled,22,9553,9553,13953,True,True,ok,9553,4.6660000000000004e-05,4.6660000000000004e-05,0.0,128
64,scaled,22,11753,9553,13953,True,True,ok,9553,4.6660000000000004e-05,4.6660000000000004e-05,0.0,128
64,scaled,22,13953,9553,13953,True,True,ok,9553,4.6660000000000004e-05,4.6660000000000004e-05,0.0,128
64,both,21,9684,9685,14085,False,False,heuristic_cannot_fit,9685,,,,128
64,both,21,9685,9685,14085,True,True,ok,9685,0.001425819999487456,0.001425819999487456,0.0,128
64,both,21,11885,9685,14085,True,True,ok,10089,8.746800000000001e-05,8.746800000000001e-05,0.0,128
64,both,21,14085,9685,14085,True,True,ok,10089,8.746800000000001e-05,8.746800000000001e-05,0.0,128
64,both,22,9684,9685,14085,False,False,heuristic_cannot_fit,9685,,,,128
64,both,22,9685,9685,14085,True,True,ok,9685,0.0014392109997534391,0.0014392109997534391,0.0,128
64,both,22,11885,9685,14085,True,True,ok,10089,8.746800000000001e-05,8.746800000000001e-05,0.0,128
64,both,22,14085,9685,14085,True,True,ok,10089,8.746800000000001e-05,8.746800000000001e-05,0.0,128
256,fit,21,11236,11237,38535,False,False,heuristic_cannot_fit,11237,,,,128
256,fit,21,11237,11237,38535,True,True,ok,11237,4.0808000000000006e-05,4.0808000000000006e-05,0.0,128
256,fit,21,24886,11237,38535,True,True,ok,11237,4.0808000000000006e-05,4.0808000000000006e-05,0.0,128
256,fit,21,38535,11237,38535,True,True,ok,11237,4.0808000000000006e-05,4.0808000000000006e-05,0.0,128
256,fit,22,11233,11234,38532,False,False,heuristic_cannot_fit,11234,,,,128
256,fit,22,11234,11234,38532,True,True,ok,11234,4.0808000000000006e-05,4.0808000000000006e-05,0.0,128
256,fit,22,24883,11234,38532,True,True,ok,11234,4.0808000000000006e-05,4.0808000000000006e-05,0.0,128
256,fit,22,38532,11234,38532,True,True,ok,11234,4.0808000000000006e-05,4.0808000000000006e-05,0.0,128
256,scaled,21,23380,23381,38535,False,False,heuristic_cannot_fit,23381,,,,128
256,scaled,21,23381,23381,38535,True,True,ok,23381,6.5096e-05,6.5096e-05,0.0,128
256,scaled,21,30958,23381,38535,True,True,ok,23381,6.5096e-05,6.5096e-05,0.0,128
256,scaled,21,38535,23381,38535,True,True,ok,23381,6.5096e-05,6.5096e-05,0.0,128
256,scaled,22,23381,23382,38536,False,False,heuristic_cannot_fit,23382,,,,128
256,scaled,22,23382,23382,38536,True,True,ok,23382,6.5096e-05,6.5096e-05,0.0,128
256,scaled,22,30959,23382,38536,True,True,ok,23382,6.5096e-05,6.5096e-05,0.0,128
256,scaled,22,38536,23382,38536,True,True,ok,23382,6.5096e-05,6.5096e-05,0.0,128
256,both,21,23514,23515,38669,False,False,heuristic_cannot_fit,23515,,,,128
256,both,21,23515,23515,38669,True,True,ok,23515,0.0016073290002365924,0.0016073290002365924,0.0,128
256,both,21,31092,23515,38669,True,True,ok,23919,0.00010590400000000001,0.00010590400000000001,0.0,128
256,both,21,38669,23515,38669,True,True,ok,23919,0.00010590400000000001,0.00010590400000000001,0.0,128
256,both,22,23515,23516,38670,False,False,heuristic_cannot_fit,23516,,,,128
256,both,22,23516,23516,38670,True,True,ok,23516,0.001560908999564805,0.001560908999564805,0.0,128
256,both,22,31093,23516,38670,True,True,ok,23920,0.00010590400000000001,0.00010590400000000001,0.0,128
256,both,22,38670,23516,38670,True,True,ok,23920,0.00010590400000000001,0.00010590400000000001,0.0,128
