policy,budget_fraction,requests,successes,success_rate,budget_blocked,restoration_failed,median_successful_restore_ms,p95_successful_restore_ms,median_retained_fraction,median_planning_ms
cost_cache,0.1,275,40,0.14545454545454545,125,110,0.23381749997497536,0.29607650003526936,0.09376787919852284,0.27309999995850376
cost_cache,0.25,275,200,0.7272727272727273,50,25,0.2616535002744058,20.081598300021138,0.23716141321548784,0.31366999974125065
cost_cache,0.5,275,265,0.9636363636363636,0,10,0.2467419999447884,1.4292067999122038,0.44404039582417193,0.31896700011202483
cost_cache,1.0,275,275,1.0,0,0,0.2501170001778519,1.0109246000865828,1.0,0.3191480000168667
full_replay,0.1,275,0,0.0,125,150,,,,0.24443800020890194
full_replay,0.25,275,75,0.2727272727272727,50,150,20.146346999808884,25.85004959996695,0.20749513236268735,0.27116799992654705
full_replay,0.5,275,125,0.45454545454545453,0,150,18.316017999950418,25.228782600061095,0.24981111584192045,0.26008100030594505
full_replay,1.0,275,125,0.45454545454545453,0,150,18.39490999964255,24.869576399851212,0.24981111584192045,0.26860400021178066
full_snapshot,0.1,275,0,0.0,275,0,,,,0.2673010003491072
full_snapshot,0.25,275,0,0.0,275,0,,,,0.27887899977940833
full_snapshot,0.5,275,0,0.0,275,0,,,,0.2781980001600459
full_snapshot,1.0,275,275,1.0,0,0,0.25008600005094195,1.015318500049034,1.0,0.26146300024265656
pinned_cost,0.1,275,0,0.0,275,0,,,,0.2654489999258658
pinned_cost,0.25,275,75,0.2727272727272727,200,0,16.85095300035755,21.222237499887342,0.2484355484024221,0.2723900001910806
pinned_cost,0.5,275,275,1.0,0,0,0.3314460000183317,16.918974799955325,0.4908505747035145,0.29473199992935406
pinned_cost,1.0,275,275,1.0,0,0,0.24493000000802567,0.9775475002697931,1.0,0.3038549998564122
recoverability,0.1,275,25,0.09090909090909091,250,0,0.25202999995599384,0.33120779980890797,0.08987249749564327,3.4964870001203963
recoverability,0.25,275,200,0.7272727272727273,75,0,0.2719589999742311,19.913286449877887,0.12574948996668261,4.608597000242298
recoverability,0.5,275,275,1.0,0,0,0.2439680001771194,1.3881546001812242,0.23136582084156046,5.881241000224691
recoverability,1.0,275,275,1.0,0,0,0.2547129997765296,0.9994693002681743,0.23136582084156046,6.838957000127266
target_snapshots,0.1,275,25,0.09090909090909091,250,0,0.2270330001010734,0.29956080006741104,0.08987249749564327,0.27828800011775456
target_snapshots,0.25,275,150,0.5454545454545454,125,0,0.23644699990654772,0.9964505499510778,0.10481221974143398,0.2705860001697147
target_snapshots,0.5,275,225,0.8181818181818182,50,0,0.2351150001231872,0.9057726000719413,0.14490596637521017,0.2447990000291611
target_snapshots,1.0,275,275,1.0,0,0,0.2498559997548,0.9535443002732791,0.23136582084156046,0.28212400002303184
