case_id,v2_median_ms,v3_median_ms,speedup
case04-rep0,1.630261999935101,1.522679499885271,1.0706534106868424
case04-rep1,1.6809290000310284,1.472433500111947,1.1415992640097021
case04-rep2,1.7181445000460371,1.6670574998443044,1.0306450138681504
case05-rep0,2.873872999998639,2.386461500009318,1.204240252770647
case05-rep1,3.3498264999707317,2.8447162499105616,1.1775608551735348
case05-rep2,3.464282500090121,2.8749267499961206,1.2049985273867572
case07-rep0,6.66261850005867,5.537288499908755,1.2032276266928226
case07-rep1,3.45451750013126,2.990912500081322,1.1550045345817817
case07-rep2,3.8974365002104605,3.25110049993782,1.1988052969402214
