case_id,budget_fraction,v2_median_ms,v3_median_ms,speedup
case04-rep0,0.1,1.630261999935101,1.522679499885271,1.0706534106868424
case04-rep1,0.1,1.6809290000310284,1.472433500111947,1.1415992640097021
case04-rep2,0.1,1.7181445000460371,1.6670574998443044,1.0306450138681504
case05-rep0,0.1,1.4992484998401778,1.415632499856656,1.0590661771271772
case05-rep0,0.2,2.9329144999792334,2.4767355000676616,1.184185594262734
case05-rep0,0.3,2.8148315000180446,2.2961874999509746,1.2258717983954461
case05-rep0,0.4,4.0242824998131255,5.140223500120555,0.7829002960121758
case05-rep1,0.1,1.4879019997806608,1.364340500003891,1.0905650017546333
case05-rep1,0.2,3.2761530001153005,2.8461834999689017,1.1510687909444688
case05-rep1,0.3,3.423499999826163,2.8432489998522215,1.2040802617020527
case05-rep1,0.4,4.904827500013198,5.7762235001064255,0.8491408789709796
case05-rep2,0.1,1.4778014999592415,1.3416410001809709,1.1014880282876747
case05-rep2,0.2,3.5166060001756705,2.9590940000616683,1.188406316292211
case05-rep2,0.3,3.411959000004572,2.790759499930573,1.2225915562016192
case05-rep2,0.4,8.161767000046893,4.1003430001183006,1.990508354986745
case07-rep0,0.1,2.0434614998521283,1.798886499955188,1.135959105759609
case07-rep0,0.2,4.816358999960357,3.743984000038836,1.2864261706007285
case07-rep0,0.3,20.835884499774693,91.04479450024883,0.228853111417784
case07-rep0,0.4,8.752579999963928,8.445339999980206,1.0363798260323969
case07-rep0,0.5,6.66261850005867,5.537288499908755,1.2032276266928226
case07-rep1,0.1,2.0972725001229264,1.838857000166172,1.1405305034232691
case07-rep1,0.2,2.783964499940339,2.0807125001738314,1.3379861464319338
case07-rep1,0.3,31.028448999904867,28.57432249993508,1.0858857283484276
case07-rep1,0.4,3.45451750013126,2.990912500081322,1.1550045345817817
case07-rep1,0.5,4.78451150024739,4.114684000342095,1.1627895361708471
case07-rep2,0.1,2.09585049992711,1.987917500173353,1.0542945065599276
case07-rep2,0.2,3.6474539999744593,2.820810499997606,1.293051766496741
case07-rep2,0.3,3.8974365002104605,3.25110049993782,1.1988052969402214
case07-rep2,0.4,33.29505200008498,67.46172599991951,0.4935398777096913
case07-rep2,0.5,27.123305499799244,21.66326899964588,1.2520412085656425
