case_id,dataset,rows,model,change,boundary,protect_intermediate,branches,target_scope,repeat,version,policy,budget_fraction,budget_bytes,retained_bytes,full_bytes,metadata_bytes,planning_s,structurally_recoverable,within_budget,status,exact,restore_s,replay_nodes,load_nodes,error
case00-rep0,synthetic,2000,logistic,parameters,deterministic,False,1,model_and_predictions,0,0,pinned_cost,1.0,1048152,1048152,1048152,9850,0.00018433399998230016,True,True,ok,True,0.000203196000029493,0,2,
case00-rep0,synthetic,2000,logistic,parameters,deterministic,False,1,model_and_predictions,0,1,pinned_cost,1.0,1048152,1048152,1048152,9850,0.00018433399998230016,True,True,ok,True,0.00017516700006581232,0,2,
case00-rep0,synthetic,2000,logistic,parameters,deterministic,False,1,model_and_predictions,0,2,pinned_cost,1.0,1048152,1048152,1048152,9850,0.00018433399998230016,True,True,ok,True,0.0001687970000148198,0,2,
case00-rep0,synthetic,2000,logistic,parameters,deterministic,False,1,model_and_predictions,0,3,pinned_cost,1.0,1048152,1048152,1048152,9850,0.00018433399998230016,True,True,ok,True,0.00019903099996554374,0,2,
case00-rep0,synthetic,2000,logistic,parameters,deterministic,False,1,model_and_predictions,0,4,pinned_cost,1.0,1048152,1048152,1048152,9850,0.00018433399998230016,True,True,ok,True,0.00020000999995772872,0,2,
case00-rep0,synthetic,2000,logistic,parameters,deterministic,False,1,model_and_predictions,0,0,full_replay,0.25,262038,346117,1048152,9850,0.0001741510000101698,True,False,required_inputs_exceed_budget,False,,0,0,not executed: budget/selection failure
case00-rep0,synthetic,2000,logistic,parameters,deterministic,False,1,model_and_predictions,0,1,full_replay,0.25,262038,346117,1048152,9850,0.0001741510000101698,True,False,required_inputs_exceed_budget,False,,0,0,not executed: budget/selection failure
case00-rep0,synthetic,2000,logistic,parameters,deterministic,False,1,model_and_predictions,0,2,full_replay,0.25,262038,346117,1048152,9850,0.0001741510000101698,True,False,required_inputs_exceed_budget,False,,0,0,not executed: budget/selection failure
case00-rep0,synthetic,2000,logistic,parameters,deterministic,False,1,model_and_predictions,0,3,full_replay,0.25,262038,346117,1048152,9850,0.0001741510000101698,True,False,required_inputs_exceed_budget,False,,0,0,not executed: budget/selection failure
case00-rep0,synthetic,2000,logistic,parameters,deterministic,False,1,model_and_predictions,0,4,full_replay,0.25,262038,346117,1048152,9850,0.0001741510000101698,True,False,required_inputs_exceed_budget,False,,0,0,not executed: budget/selection failure
case00-rep0,synthetic,2000,logistic,parameters,deterministic,False,1,model_and_predictions,0,0,pinned_cost,0.25,262038,346117,1048152,9850,0.00011992700001428602,True,False,required_inputs_exceed_budget,False,,0,0,not executed: budget/selection failure
case00-rep0,synthetic,2000,logistic,parameters,deterministic,False,1,model_and_predictions,0,1,pinned_cost,0.25,262038,346117,1048152,9850,0.00011992700001428602,True,False,required_inputs_exceed_budget,False,,0,0,not executed: budget/selection failure
case00-rep0,synthetic,2000,logistic,parameters,deterministic,False,1,model_and_predictions,0,2,pinned_cost,0.25,262038,346117,1048152,9850,0.00011992700001428602,True,False,required_inputs_exceed_budget,False,,0,0,not executed: budget/selection failure
case00-rep0,synthetic,2000,logistic,parameters,deterministic,False,1,model_and_predictions,0,3,pinned_cost,0.25,262038,346117,1048152,9850,0.00011992700001428602,True,False,required_inputs_exceed_budget,False,,0,0,not executed: budget/selection failure
case00-rep0,synthetic,2000,logistic,parameters,deterministic,False,1,model_and_predictions,0,4,pinned_cost,0.25,262038,346117,1048152,9850,0.00011992700001428602,True,False,required_inputs_exceed_budget,False,,0,0,not executed: budget/selection failure
case00-rep0,synthetic,2000,logistic,parameters,deterministic,False,1,model_and_predictions,0,0,full_replay,1.0,1048152,346117,1048152,9850,0.00012012699994556897,True,True,ok,True,0.008341526999970483,7,2,
case00-rep0,synthetic,2000,logistic,parameters,deterministic,False,1,model_and_predictions,0,1,full_replay,1.0,1048152,346117,1048152,9850,0.00012012699994556897,True,True,ok,True,0.010030247000031522,7,2,
case00-rep0,synthetic,2000,logistic,parameters,deterministic,False,1,model_and_predictions,0,2,full_replay,1.0,1048152,346117,1048152,9850,0.00012012699994556897,True,True,ok,True,0.008103558000016164,7,2,
case00-rep0,synthetic,2000,logistic,parameters,deterministic,False,1,model_and_predictions,0,3,full_replay,1.0,1048152,346117,1048152,9850,0.00012012699994556897,True,True,ok,True,0.007060630999944806,7,2,
case00-rep0,synthetic,2000,logistic,parameters,deterministic,False,1,model_and_predictions,0,4,full_replay,1.0,1048152,346117,1048152,9850,0.00012012699994556897,True,True,ok,True,0.007573920000027101,7,2,
case00-rep0,synthetic,2000,logistic,parameters,deterministic,False,1,model_and_predictions,0,0,target_snapshots,1.0,1048152,391244,1048152,9850,0.00020887999994556594,True,True,ok,True,0.00016537999999854947,0,2,
case00-rep0,synthetic,2000,logistic,parameters,deterministic,False,1,model_and_predictions,0,1,target_snapshots,1.0,1048152,391244,1048152,9850,0.00020887999994556594,True,True,ok,True,0.00016283000002204062,0,2,
case00-rep0,synthetic,2000,logistic,parameters,deterministic,False,1,model_and_predictions,0,2,target_snapshots,1.0,1048152,391244,1048152,9850,0.00020887999994556594,True,True,ok,True,0.0001597650000348949,0,2,
case00-rep0,synthetic,2000,logistic,parameters,deterministic,False,1,model_and_predictions,0,3,target_snapshots,1.0,1048152,391244,1048152,9850,0.00020887999994556594,True,True,ok,True,0.0002077999999983149,0,2,
case00-rep0,synthetic,2000,logistic,parameters,deterministic,False,1,model_and_predictions,0,4,target_snapshots,1.0,1048152,391244,1048152,9850,0.00020887999994556594,True,True,ok,True,0.00016399499997987732,0,2,
case00-rep0,synthetic,2000,logistic,parameters,deterministic,False,1,model_and_predictions,0,0,full_snapshot,0.25,262038,346117,1048152,9850,0.00024020399996516062,True,False,required_inputs_exceed_budget,False,,0,0,not executed: budget/selection failure
case00-rep0,synthetic,2000,logistic,parameters,deterministic,False,1,model_and_predictions,0,1,full_snapshot,0.25,262038,346117,1048152,9850,0.00024020399996516062,True,False,required_inputs_exceed_budget,False,,0,0,not executed: budget/selection failure
case00-rep0,synthetic,2000,logistic,parameters,deterministic,False,1,model_and_predictions,0,2,full_snapshot,0.25,262038,346117,1048152,9850,0.00024020399996516062,True,False,required_inputs_exceed_budget,False,,0,0,not executed: budget/selection failure
case00-rep0,synthetic,2000,logistic,parameters,deterministic,False,1,model_and_predictions,0,3,full_snapshot,0.25,262038,346117,1048152,9850,0.00024020399996516062,True,False,required_inputs_exceed_budget,False,,0,0,not executed: budget/selection failure
case00-rep0,synthetic,2000,logistic,parameters,deterministic,False,1,model_and_predictions,0,4,full_snapshot,0.25,262038,346117,1048152,9850,0.00024020399996516062,True,False,required_inputs_exceed_budget,False,,0,0,not executed: budget/selection failure
case00-rep0,synthetic,2000,logistic,parameters,deterministic,False,1,model_and_predictions,0,0,target_snapshots,0.25,262038,346117,1048152,9850,0.00014089100000092003,True,False,required_inputs_exceed_budget,False,,0,0,not executed: budget/selection failure
case00-rep0,synthetic,2000,logistic,parameters,deterministic,False,1,model_and_predictions,0,1,target_snapshots,0.25,262038,346117,1048152,9850,0.00014089100000092003,True,False,required_inputs_exceed_budget,False,,0,0,not executed: budget/selection failure
case00-rep0,synthetic,2000,logistic,parameters,deterministic,False,1,model_and_predictions,0,2,target_snapshots,0.25,262038,346117,1048152,9850,0.00014089100000092003,True,False,required_inputs_exceed_budget,False,,0,0,not executed: budget/selection failure
case00-rep0,synthetic,2000,logistic,parameters,deterministic,False,1,model_and_predictions,0,3,target_snapshots,0.25,262038,346117,1048152,9850,0.00014089100000092003,True,False,required_inputs_exceed_budget,False,,0,0,not executed: budget/selection failure
case00-rep0,synthetic,2000,logistic,parameters,deterministic,False,1,model_and_predictions,0,4,target_snapshots,0.25,262038,346117,1048152,9850,0.00014089100000092003,True,False,required_inputs_exceed_budget,False,,0,0,not executed: budget/selection failure
case00-rep0,synthetic,2000,logistic,parameters,deterministic,False,1,model_and_predictions,0,0,cost_cache,1.0,1048152,1048152,1048152,9850,0.00015015999997558538,True,True,ok,True,0.0001575090000187629,0,2,
case00-rep0,synthetic,2000,logistic,parameters,deterministic,False,1,model_and_predictions,0,1,cost_cache,1.0,1048152,1048152,1048152,9850,0.00015015999997558538,True,True,ok,True,0.0002225129999260389,0,2,
case00-rep0,synthetic,2000,logistic,parameters,deterministic,False,1,model_and_predictions,0,2,cost_cache,1.0,1048152,1048152,1048152,9850,0.00015015999997558538,True,True,ok,True,0.00016678800000136107,0,2,
case00-rep0,synthetic,2000,logistic,parameters,deterministic,False,1,model_and_predictions,0,3,cost_cache,1.0,1048152,1048152,1048152,9850,0.00015015999997558538,True,True,ok,True,0.00025073299991618114,0,2,
case00-rep0,synthetic,2000,logistic,parameters,deterministic,False,1,model_and_predictions,0,4,cost_cache,1.0,1048152,1048152,1048152,9850,0.00015015999997558538,True,True,ok,True,0.00016335600003003492,0,2,
case00-rep0,synthetic,2000,logistic,parameters,deterministic,False,1,model_and_predictions,0,0,recoverability,0.25,262038,346117,1048152,9850,0.00017933499998434854,True,False,required_inputs_exceed_budget,False,,0,0,not executed: budget/selection failure
case00-rep0,synthetic,2000,logistic,parameters,deterministic,False,1,model_and_predictions,0,1,recoverability,0.25,262038,346117,1048152,9850,0.00017933499998434854,True,False,required_inputs_exceed_budget,False,,0,0,not executed: budget/selection failure
case00-rep0,synthetic,2000,logistic,parameters,deterministic,False,1,model_and_predictions,0,2,recoverability,0.25,262038,346117,1048152,9850,0.00017933499998434854,True,False,required_inputs_exceed_budget,False,,0,0,not executed: budget/selection failure
case00-rep0,synthetic,2000,logistic,parameters,deterministic,False,1,model_and_predictions,0,3,recoverability,0.25,262038,346117,1048152,9850,0.00017933499998434854,True,False,required_inputs_exceed_budget,False,,0,0,not executed: budget/selection failure
case00-rep0,synthetic,2000,logistic,parameters,deterministic,False,1,model_and_predictions,0,4,recoverability,0.25,262038,346117,1048152,9850,0.00017933499998434854,True,False,required_inputs_exceed_budget,False,,0,0,not executed: budget/selection failure
case00-rep0,synthetic,2000,logistic,parameters,deterministic,False,1,model_and_predictions,0,0,recoverability_v2,0.25,262038,346117,1048152,9850,0.00016572900005940028,True,False,required_inputs_exceed_budget,False,,0,0,not executed: budget/selection failure
case00-rep0,synthetic,2000,logistic,parameters,deterministic,False,1,model_and_predictions,0,1,recoverability_v2,0.25,262038,346117,1048152,9850,0.00016572900005940028,True,False,required_inputs_exceed_budget,False,,0,0,not executed: budget/selection failure
case00-rep0,synthetic,2000,logistic,parameters,deterministic,False,1,model_and_predictions,0,2,recoverability_v2,0.25,262038,346117,1048152,9850,0.00016572900005940028,True,False,required_inputs_exceed_budget,False,,0,0,not executed: budget/selection failure
case00-rep0,synthetic,2000,logistic,parameters,deterministic,False,1,model_and_predictions,0,3,recoverability_v2,0.25,262038,346117,1048152,9850,0.00016572900005940028,True,False,required_inputs_exceed_budget,False,,0,0,not executed: budget/selection failure
case00-rep0,synthetic,2000,logistic,parameters,deterministic,False,1,model_and_predictions,0,4,recoverability_v2,0.25,262038,346117,1048152,9850,0.00016572900005940028,True,False,required_inputs_exceed_budget,False,,0,0,not executed: budget/selection failure
case00-rep0,synthetic,2000,logistic,parameters,deterministic,False,1,model_and_predictions,0,0,recoverability_v2,1.0,1048152,391244,1048152,9850,0.0003637030000618324,True,True,ok,True,0.0001652740000963604,0,2,
case00-rep0,synthetic,2000,logistic,parameters,deterministic,False,1,model_and_predictions,0,1,recoverability_v2,1.0,1048152,391244,1048152,9850,0.0003637030000618324,True,True,ok,True,0.0001703460000044288,0,2,
case00-rep0,synthetic,2000,logistic,parameters,deterministic,False,1,model_and_predictions,0,2,recoverability_v2,1.0,1048152,391244,1048152,9850,0.0003637030000618324,True,True,ok,True,0.0001929320000044754,0,2,
case00-rep0,synthetic,2000,logistic,parameters,deterministic,False,1,model_and_predictions,0,3,recoverability_v2,1.0,1048152,391244,1048152,9850,0.0003637030000618324,True,True,ok,True,0.00017702999991797697,0,2,
case00-rep0,synthetic,2000,logistic,parameters,deterministic,False,1,model_and_predictions,0,4,recoverability_v2,1.0,1048152,391244,1048152,9850,0.0003637030000618324,True,True,ok,True,0.00016387799996664398,0,2,
case00-rep0,synthetic,2000,logistic,parameters,deterministic,False,1,model_and_predictions,0,0,recoverability,1.0,1048152,391244,1048152,9850,0.0034626859999207227,True,True,ok,True,0.00016686699996171228,0,2,
case00-rep0,synthetic,2000,logistic,parameters,deterministic,False,1,model_and_predictions,0,1,recoverability,1.0,1048152,391244,1048152,9850,0.0034626859999207227,True,True,ok,True,0.00039368299997022405,0,2,
case00-rep0,synthetic,2000,logistic,parameters,deterministic,False,1,model_and_predictions,0,2,recoverability,1.0,1048152,391244,1048152,9850,0.0034626859999207227,True,True,ok,True,0.00016652700003305654,0,2,
case00-rep0,synthetic,2000,logistic,parameters,deterministic,False,1,model_and_predictions,0,3,recoverability,1.0,1048152,391244,1048152,9850,0.0034626859999207227,True,True,ok,True,0.000168952999956673,0,2,
case00-rep0,synthetic,2000,logistic,parameters,deterministic,False,1,model_and_predictions,0,4,recoverability,1.0,1048152,391244,1048152,9850,0.0034626859999207227,True,True,ok,True,0.00015948800000842311,0,2,
case00-rep0,synthetic,2000,logistic,parameters,deterministic,False,1,model_and_predictions,0,0,full_snapshot,1.0,1048152,1048152,1048152,9850,0.0001724600000443388,True,True,ok,True,0.00016193600004044129,0,2,
case00-rep0,synthetic,2000,logistic,parameters,deterministic,False,1,model_and_predictions,0,1,full_snapshot,1.0,1048152,1048152,1048152,9850,0.0001724600000443388,True,True,ok,True,0.00017296199996508221,0,2,
case00-rep0,synthetic,2000,logistic,parameters,deterministic,False,1,model_and_predictions,0,2,full_snapshot,1.0,1048152,1048152,1048152,9850,0.0001724600000443388,True,True,ok,True,0.00019653699996524665,0,2,
case00-rep0,synthetic,2000,logistic,parameters,deterministic,False,1,model_and_predictions,0,3,full_snapshot,1.0,1048152,1048152,1048152,9850,0.0001724600000443388,True,True,ok,True,0.0001677189999327311,0,2,
case00-rep0,synthetic,2000,logistic,parameters,deterministic,False,1,model_and_predictions,0,4,full_snapshot,1.0,1048152,1048152,1048152,9850,0.0001724600000443388,True,True,ok,True,0.00016548700000384997,0,2,
case00-rep0,synthetic,2000,logistic,parameters,deterministic,False,1,model_and_predictions,0,0,cost_cache,0.25,262038,346117,1048152,9850,0.00016784299998562346,True,False,required_inputs_exceed_budget,False,,0,0,not executed: budget/selection failure
case00-rep0,synthetic,2000,logistic,parameters,deterministic,False,1,model_and_predictions,0,1,cost_cache,0.25,262038,346117,1048152,9850,0.00016784299998562346,True,False,required_inputs_exceed_budget,False,,0,0,not executed: budget/selection failure
case00-rep0,synthetic,2000,logistic,parameters,deterministic,False,1,model_and_predictions,0,2,cost_cache,0.25,262038,346117,1048152,9850,0.00016784299998562346,True,False,required_inputs_exceed_budget,False,,0,0,not executed: budget/selection failure
case00-rep0,synthetic,2000,logistic,parameters,deterministic,False,1,model_and_predictions,0,3,cost_cache,0.25,262038,346117,1048152,9850,0.00016784299998562346,True,False,required_inputs_exceed_budget,False,,0,0,not executed: budget/selection failure
case00-rep0,synthetic,2000,logistic,parameters,deterministic,False,1,model_and_predictions,0,4,cost_cache,0.25,262038,346117,1048152,9850,0.00016784299998562346,True,False,required_inputs_exceed_budget,False,,0,0,not executed: budget/selection failure
case01-rep0,breast_cancer,569,forest,parameters,opaque,False,1,model_and_predictions,0,0,pinned_cost,1.0,1979596,1979596,1979596,15153,0.000285616000041955,True,True,ok,True,0.0011207679999643005,0,2,
case01-rep0,breast_cancer,569,forest,parameters,opaque,False,1,model_and_predictions,0,1,pinned_cost,1.0,1979596,1979596,1979596,15153,0.000285616000041955,True,True,ok,True,0.0011003869999512972,0,2,
case01-rep0,breast_cancer,569,forest,parameters,opaque,False,1,model_and_predictions,0,2,pinned_cost,1.0,1979596,1979596,1979596,15153,0.000285616000041955,True,True,ok,True,0.0009552310000344733,0,2,
case01-rep0,breast_cancer,569,forest,parameters,opaque,False,1,model_and_predictions,0,3,pinned_cost,1.0,1979596,1979596,1979596,15153,0.000285616000041955,True,True,ok,True,0.001044598000021324,0,2,
case01-rep0,breast_cancer,569,forest,parameters,opaque,False,1,model_and_predictions,0,4,pinned_cost,1.0,1979596,1979596,1979596,15153,0.000285616000041955,True,True,ok,True,0.0009613270000272678,0,2,
case01-rep0,breast_cancer,569,forest,parameters,opaque,False,1,model_and_predictions,0,0,target_snapshots,1.0,1979596,468030,1979596,15153,0.0002907409999579613,True,True,ok,True,0.0008220859999710228,0,2,
case01-rep0,breast_cancer,569,forest,parameters,opaque,False,1,model_and_predictions,0,1,target_snapshots,1.0,1979596,468030,1979596,15153,0.0002907409999579613,True,True,ok,True,0.0009252810000361933,0,2,
case01-rep0,breast_cancer,569,forest,parameters,opaque,False,1,model_and_predictions,0,2,target_snapshots,1.0,1979596,468030,1979596,15153,0.0002907409999579613,True,True,ok,True,0.0008579789999885179,0,2,
case01-rep0,breast_cancer,569,forest,parameters,opaque,False,1,model_and_predictions,0,3,target_snapshots,1.0,1979596,468030,1979596,15153,0.0002907409999579613,True,True,ok,True,0.0008895809999103221,0,2,
case01-rep0,breast_cancer,569,forest,parameters,opaque,False,1,model_and_predictions,0,4,target_snapshots,1.0,1979596,468030,1979596,15153,0.0002907409999579613,True,True,ok,True,0.0008540879999827666,0,2,
case01-rep0,breast_cancer,569,forest,parameters,opaque,False,1,model_and_predictions,0,0,recoverability_v2,0.25,494899,468030,1979596,15153,0.0002827150000257461,True,True,ok,True,0.0011217940000278759,0,2,
case01-rep0,breast_cancer,569,forest,parameters,opaque,False,1,model_and_predictions,0,1,recoverability_v2,0.25,494899,468030,1979596,15153,0.0002827150000257461,True,True,ok,True,0.0009402590000036071,0,2,
case01-rep0,breast_cancer,569,forest,parameters,opaque,False,1,model_and_predictions,0,2,recoverability_v2,0.25,494899,468030,1979596,15153,0.0002827150000257461,True,True,ok,True,0.0008513269999639306,0,2,
case01-rep0,breast_cancer,569,forest,parameters,opaque,False,1,model_and_predictions,0,3,recoverability_v2,0.25,494899,468030,1979596,15153,0.0002827150000257461,True,True,ok,True,0.0009382139999161154,0,2,
case01-rep0,breast_cancer,569,forest,parameters,opaque,False,1,model_and_predictions,0,4,recoverability_v2,0.25,494899,468030,1979596,15153,0.0002827150000257461,True,True,ok,True,0.001164404999940416,0,2,
case01-rep0,breast_cancer,569,forest,parameters,opaque,False,1,model_and_predictions,0,0,recoverability_v2,1.0,1979596,468030,1979596,15153,0.00028378599995448894,True,True,ok,True,0.0008135169999832215,0,2,
case01-rep0,breast_cancer,569,forest,parameters,opaque,False,1,model_and_predictions,0,1,recoverability_v2,1.0,1979596,468030,1979596,15153,0.00028378599995448894,True,True,ok,True,0.000911482999981672,0,2,
case01-rep0,breast_cancer,569,forest,parameters,opaque,False,1,model_and_predictions,0,2,recoverability_v2,1.0,1979596,468030,1979596,15153,0.00028378599995448894,True,True,ok,True,0.0008593630000177654,0,2,
case01-rep0,breast_cancer,569,forest,parameters,opaque,False,1,model_and_predictions,0,3,recoverability_v2,1.0,1979596,468030,1979596,15153,0.00028378599995448894,True,True,ok,True,0.0009210580000171831,0,2,
case01-rep0,breast_cancer,569,forest,parameters,opaque,False,1,model_and_predictions,0,4,recoverability_v2,1.0,1979596,468030,1979596,15153,0.00028378599995448894,True,True,ok,True,0.0009529970000130561,0,2,
case01-rep0,breast_cancer,569,forest,parameters,opaque,False,1,model_and_predictions,0,0,cost_cache,0.25,494899,475907,1979596,15153,0.0003264199999648554,True,True,ok,True,0.0008119410000517746,0,2,
case01-rep0,breast_cancer,569,forest,parameters,opaque,False,1,model_and_predictions,0,1,cost_cache,0.25,494899,475907,1979596,15153,0.0003264199999648554,True,True,ok,True,0.0008522699999957695,0,2,
case01-rep0,breast_cancer,569,forest,parameters,opaque,False,1,model_and_predictions,0,2,cost_cache,0.25,494899,475907,1979596,15153,0.0003264199999648554,True,True,ok,True,0.0009314850000237129,0,2,
case01-rep0,breast_cancer,569,forest,parameters,opaque,False,1,model_and_predictions,0,3,cost_cache,0.25,494899,475907,1979596,15153,0.0003264199999648554,True,True,ok,True,0.0010053799999241164,0,2,
case01-rep0,breast_cancer,569,forest,parameters,opaque,False,1,model_and_predictions,0,4,cost_cache,0.25,494899,475907,1979596,15153,0.0003264199999648554,True,True,ok,True,0.0009345930000108638,0,2,
case01-rep0,breast_cancer,569,forest,parameters,opaque,False,1,model_and_predictions,0,0,full_replay,0.25,494899,156532,1979596,15153,0.00026792599999225786,False,True,restore_failed,False,8.16299999542025e-05,0,0,No exact path for external_features: non-replayable artifact missing
case01-rep0,breast_cancer,569,forest,parameters,opaque,False,1,model_and_predictions,0,1,full_replay,0.25,494899,156532,1979596,15153,0.00026792599999225786,False,True,restore_failed,False,7.472099991900905e-05,0,0,No exact path for external_features: non-replayable artifact missing
case01-rep0,breast_cancer,569,forest,parameters,opaque,False,1,model_and_predictions,0,2,full_replay,0.25,494899,156532,1979596,15153,0.00026792599999225786,False,True,restore_failed,False,7.597199999054283e-05,0,0,No exact path for external_features: non-replayable artifact missing
case01-rep0,breast_cancer,569,forest,parameters,opaque,False,1,model_and_predictions,0,3,full_replay,0.25,494899,156532,1979596,15153,0.00026792599999225786,False,True,restore_failed,False,7.338900002196169e-05,0,0,No exact path for external_features: non-replayable artifact missing
case01-rep0,breast_cancer,569,forest,parameters,opaque,False,1,model_and_predictions,0,4,full_replay,0.25,494899,156532,1979596,15153,0.00026792599999225786,False,True,restore_failed,False,7.790100005422573e-05,0,0,No exact path for external_features: non-replayable artifact missing
case01-rep0,breast_cancer,569,forest,parameters,opaque,False,1,model_and_predictions,0,0,target_snapshots,0.25,494899,468030,1979596,15153,0.00033716500001901295,True,True,ok,True,0.0009131209999395651,0,2,
case01-rep0,breast_cancer,569,forest,parameters,opaque,False,1,model_and_predictions,0,1,target_snapshots,0.25,494899,468030,1979596,15153,0.00033716500001901295,True,True,ok,True,0.0009604120000403782,0,2,
case01-rep0,breast_cancer,569,forest,parameters,opaque,False,1,model_and_predictions,0,2,target_snapshots,0.25,494899,468030,1979596,15153,0.00033716500001901295,True,True,ok,True,0.0009847179999269429,0,2,
case01-rep0,breast_cancer,569,forest,parameters,opaque,False,1,model_and_predictions,0,3,target_snapshots,0.25,494899,468030,1979596,15153,0.00033716500001901295,True,True,ok,True,0.0008940640000218991,0,2,
case01-rep0,breast_cancer,569,forest,parameters,opaque,False,1,model_and_predictions,0,4,target_snapshots,0.25,494899,468030,1979596,15153,0.00033716500001901295,True,True,ok,True,0.0009485340000310316,0,2,
case01-rep0,breast_cancer,569,forest,parameters,opaque,False,1,model_and_predictions,0,0,recoverability,1.0,1979596,468030,1979596,15153,0.007623445999911382,True,True,ok,True,0.0008843919999890204,0,2,
case01-rep0,breast_cancer,569,forest,parameters,opaque,False,1,model_and_predictions,0,1,recoverability,1.0,1979596,468030,1979596,15153,0.007623445999911382,True,True,ok,True,0.0008740590000115844,0,2,
case01-rep0,breast_cancer,569,forest,parameters,opaque,False,1,model_and_predictions,0,2,recoverability,1.0,1979596,468030,1979596,15153,0.007623445999911382,True,True,ok,True,0.0008445250000477245,0,2,
case01-rep0,breast_cancer,569,forest,parameters,opaque,False,1,model_and_predictions,0,3,recoverability,1.0,1979596,468030,1979596,15153,0.007623445999911382,True,True,ok,True,0.0009307550000130504,0,2,
case01-rep0,breast_cancer,569,forest,parameters,opaque,False,1,model_and_predictions,0,4,recoverability,1.0,1979596,468030,1979596,15153,0.007623445999911382,True,True,ok,True,0.0009878790000357185,0,2,
case01-rep0,breast_cancer,569,forest,parameters,opaque,False,1,model_and_predictions,0,0,full_snapshot,0.25,494899,1979596,1979596,15153,0.00026166099996771663,True,False,budget_exceeded,False,,0,0,not executed: budget/selection failure
case01-rep0,breast_cancer,569,forest,parameters,opaque,False,1,model_and_predictions,0,1,full_snapshot,0.25,494899,1979596,1979596,15153,0.00026166099996771663,True,False,budget_exceeded,False,,0,0,not executed: budget/selection failure
case01-rep0,breast_cancer,569,forest,parameters,opaque,False,1,model_and_predictions,0,2,full_snapshot,0.25,494899,1979596,1979596,15153,0.00026166099996771663,True,False,budget_exceeded,False,,0,0,not executed: budget/selection failure
case01-rep0,breast_cancer,569,forest,parameters,opaque,False,1,model_and_predictions,0,3,full_snapshot,0.25,494899,1979596,1979596,15153,0.00026166099996771663,True,False,budget_exceeded,False,,0,0,not executed: budget/selection failure
case01-rep0,breast_cancer,569,forest,parameters,opaque,False,1,model_and_predictions,0,4,full_snapshot,0.25,494899,1979596,1979596,15153,0.00026166099996771663,True,False,budget_exceeded,False,,0,0,not executed: budget/selection failure
case01-rep0,breast_cancer,569,forest,parameters,opaque,False,1,model_and_predictions,0,0,full_snapshot,1.0,1979596,1979596,1979596,15153,0.00019311100004415493,True,True,ok,True,0.0008359739999832527,0,2,
case01-rep0,breast_cancer,569,forest,parameters,opaque,False,1,model_and_predictions,0,1,full_snapshot,1.0,1979596,1979596,1979596,15153,0.00019311100004415493,True,True,ok,True,0.0012774640000543513,0,2,
case01-rep0,breast_cancer,569,forest,parameters,opaque,False,1,model_and_predictions,0,2,full_snapshot,1.0,1979596,1979596,1979596,15153,0.00019311100004415493,True,True,ok,True,0.0009998040000027686,0,2,
case01-rep0,breast_cancer,569,forest,parameters,opaque,False,1,model_and_predictions,0,3,full_snapshot,1.0,1979596,1979596,1979596,15153,0.00019311100004415493,True,True,ok,True,0.0008540439999933369,0,2,
case01-rep0,breast_cancer,569,forest,parameters,opaque,False,1,model_and_predictions,0,4,full_snapshot,1.0,1979596,1979596,1979596,15153,0.00019311100004415493,True,True,ok,True,0.0010460040000452864,0,2,
case01-rep0,breast_cancer,569,forest,parameters,opaque,False,1,model_and_predictions,0,0,recoverability,0.25,494899,468030,1979596,15153,0.0043374990000302205,True,True,ok,True,0.000806595999961246,0,2,
case01-rep0,breast_cancer,569,forest,parameters,opaque,False,1,model_and_predictions,0,1,recoverability,0.25,494899,468030,1979596,15153,0.0043374990000302205,True,True,ok,True,0.0009806099999423168,0,2,
case01-rep0,breast_cancer,569,forest,parameters,opaque,False,1,model_and_predictions,0,2,recoverability,0.25,494899,468030,1979596,15153,0.0043374990000302205,True,True,ok,True,0.0009750359999998182,0,2,
case01-rep0,breast_cancer,569,forest,parameters,opaque,False,1,model_and_predictions,0,3,recoverability,0.25,494899,468030,1979596,15153,0.0043374990000302205,True,True,ok,True,0.000861406000012721,0,2,
case01-rep0,breast_cancer,569,forest,parameters,opaque,False,1,model_and_predictions,0,4,recoverability,0.25,494899,468030,1979596,15153,0.0043374990000302205,True,True,ok,True,0.0010087980000434982,0,2,
case01-rep0,breast_cancer,569,forest,parameters,opaque,False,1,model_and_predictions,0,0,full_replay,1.0,1979596,156532,1979596,15153,0.0002575299999989511,False,True,restore_failed,False,7.189500001913984e-05,0,0,No exact path for external_features: non-replayable artifact missing
case01-rep0,breast_cancer,569,forest,parameters,opaque,False,1,model_and_predictions,0,1,full_replay,1.0,1979596,156532,1979596,15153,0.0002575299999989511,False,True,restore_failed,False,7.193999999799416e-05,0,0,No exact path for external_features: non-replayable artifact missing
case01-rep0,breast_cancer,569,forest,parameters,opaque,False,1,model_and_predictions,0,2,full_replay,1.0,1979596,156532,1979596,15153,0.0002575299999989511,False,True,restore_failed,False,7.033299993963738e-05,0,0,No exact path for external_features: non-replayable artifact missing
case01-rep0,breast_cancer,569,forest,parameters,opaque,False,1,model_and_predictions,0,3,full_replay,1.0,1979596,156532,1979596,15153,0.0002575299999989511,False,True,restore_failed,False,0.00010892700004205835,0,0,No exact path for external_features: non-replayable artifact missing
case01-rep0,breast_cancer,569,forest,parameters,opaque,False,1,model_and_predictions,0,4,full_replay,1.0,1979596,156532,1979596,15153,0.0002575299999989511,False,True,restore_failed,False,7.376600001407496e-05,0,0,No exact path for external_features: non-replayable artifact missing
case01-rep0,breast_cancer,569,forest,parameters,opaque,False,1,model_and_predictions,0,0,pinned_cost,0.25,494899,840027,1979596,15153,0.00027178300001651223,True,False,required_pins_exceed_budget,False,,0,0,not executed: budget/selection failure
case01-rep0,breast_cancer,569,forest,parameters,opaque,False,1,model_and_predictions,0,1,pinned_cost,0.25,494899,840027,1979596,15153,0.00027178300001651223,True,False,required_pins_exceed_budget,False,,0,0,not executed: budget/selection failure
case01-rep0,breast_cancer,569,forest,parameters,opaque,False,1,model_and_predictions,0,2,pinned_cost,0.25,494899,840027,1979596,15153,0.00027178300001651223,True,False,required_pins_exceed_budget,False,,0,0,not executed: budget/selection failure
case01-rep0,breast_cancer,569,forest,parameters,opaque,False,1,model_and_predictions,0,3,pinned_cost,0.25,494899,840027,1979596,15153,0.00027178300001651223,True,False,required_pins_exceed_budget,False,,0,0,not executed: budget/selection failure
case01-rep0,breast_cancer,569,forest,parameters,opaque,False,1,model_and_predictions,0,4,pinned_cost,0.25,494899,840027,1979596,15153,0.00027178300001651223,True,False,required_pins_exceed_budget,False,,0,0,not executed: budget/selection failure
case01-rep0,breast_cancer,569,forest,parameters,opaque,False,1,model_and_predictions,0,0,cost_cache,1.0,1979596,1979596,1979596,15153,0.0002847679999149477,True,True,ok,True,0.0008094629999959579,0,2,
case01-rep0,breast_cancer,569,forest,parameters,opaque,False,1,model_and_predictions,0,1,cost_cache,1.0,1979596,1979596,1979596,15153,0.0002847679999149477,True,True,ok,True,0.0009073629998965771,0,2,
case01-rep0,breast_cancer,569,forest,parameters,opaque,False,1,model_and_predictions,0,2,cost_cache,1.0,1979596,1979596,1979596,15153,0.0002847679999149477,True,True,ok,True,0.0009984379998968507,0,2,
case01-rep0,breast_cancer,569,forest,parameters,opaque,False,1,model_and_predictions,0,3,cost_cache,1.0,1979596,1979596,1979596,15153,0.0002847679999149477,True,True,ok,True,0.0008495189999848662,0,2,
case01-rep0,breast_cancer,569,forest,parameters,opaque,False,1,model_and_predictions,0,4,cost_cache,1.0,1979596,1979596,1979596,15153,0.0002847679999149477,True,True,ok,True,0.000913775000071837,0,2,
