case_id,dataset,rows,model,change,boundary,versions,repeat,capture_total_s,operator_total_s,lineage_serialization_s,instrumentation_upper_bound_s,nodes,unique_blobs,metadata_bytes,full_bytes,required_input_bytes,protect_intermediate,branches,trees,depth
case00-rep0,synthetic,2000,logistic,parameters,deterministic,5,0,0.052660311999716214,0.0387752479982737,0.00868759999593749,0.013885064001442515,17,16,9850,1048152,346117,,,,
case00-rep1,synthetic,2000,logistic,parameters,deterministic,5,1,0.03243539899995085,0.02430730200285325,0.0058288899999752175,0.0081280969970976,17,16,9853,1048155,346120,,,,
case00-rep2,synthetic,2000,logistic,parameters,deterministic,5,2,0.03205077500024345,0.024104779000481358,0.005703384002117673,0.00794599599976209,17,16,9856,1048158,346123,,,,
case00-rep3,synthetic,2000,logistic,parameters,deterministic,5,3,0.02981066800020926,0.02201735399921745,0.005616631997327204,0.007793314000991813,17,16,9851,1048153,346118,,,,
case00-rep4,synthetic,2000,logistic,parameters,deterministic,5,4,0.034701485999903525,0.026789750002535584,0.005687545001819672,0.007911735997367941,17,16,9853,1048155,346120,,,,
case01-rep0,synthetic,2000,logistic,parameters,opaque,5,0,0.04052014099943335,0.027126316001158557,0.008410376000028918,0.013393824998274795,30,29,15166,3936615,351433,,,,
case01-rep1,synthetic,2000,logistic,parameters,opaque,5,1,0.04057484100030706,0.027612139001575997,0.008098665006400552,0.012962701998731063,30,29,15160,3936609,351427,,,,
case01-rep2,synthetic,2000,logistic,parameters,opaque,5,2,0.03708047300006001,0.025289723004789266,0.006863498997518036,0.011790749995270744,30,29,15168,3936617,351435,,,,
case01-rep3,synthetic,2000,logistic,parameters,opaque,5,3,0.03591973199945642,0.023743697003737907,0.006842902996140765,0.01217603499571851,30,29,15162,3936611,351429,,,,
case01-rep4,synthetic,2000,logistic,parameters,opaque,5,4,0.03958301100010431,0.027567236000322737,0.007036598002741812,0.01201577499978157,30,29,15156,3936605,351423,,,,
case02-rep0,synthetic,10000,logistic,parameters,deterministic,5,0,0.10380744000030973,0.07008280700483738,0.02669224000601389,0.03372463299547235,25,25,13040,6780611,1693872,,,,
case02-rep1,synthetic,10000,logistic,parameters,deterministic,5,1,0.09887899699970149,0.06527190300221264,0.027189278001969797,0.033607093997488846,25,25,13040,6780611,1693872,,,,
case02-rep2,synthetic,10000,logistic,parameters,deterministic,5,2,0.12142610600039916,0.0865986940007133,0.026728198995442654,0.034827411999685864,25,25,13039,6780610,1693871,,,,
case02-rep3,synthetic,10000,logistic,parameters,deterministic,5,3,0.10641476499949931,0.07486534699819458,0.024723513000026287,0.03154941800130473,25,25,13036,6780607,1693868,,,,
case02-rep4,synthetic,10000,logistic,parameters,deterministic,5,4,0.10522368500005541,0.07460582799649274,0.024129455997353944,0.030617857003562676,25,25,13041,6780612,1693873,,,,
case03-rep0,synthetic,10000,logistic,parameters,opaque,5,0,0.12145486400004302,0.0706206180020672,0.032638376993418206,0.05083424599797581,38,38,18361,21189079,1699193,,,,
case03-rep1,synthetic,10000,logistic,parameters,opaque,5,1,0.12111735899998166,0.06915571899298811,0.03153289100009715,0.05196164000699355,38,38,18355,21189073,1699187,,,,
case03-rep2,synthetic,10000,logistic,parameters,opaque,5,2,0.12410173300031602,0.07708525200087024,0.029048973004137224,0.047016480999445776,38,38,18364,21189082,1699196,,,,
case03-rep3,synthetic,10000,logistic,parameters,opaque,5,3,0.11138586299966846,0.06601891000173055,0.027612004995717143,0.045366952997937915,38,38,18354,21189072,1699186,,,,
case03-rep4,synthetic,10000,logistic,parameters,opaque,5,4,0.12387055399995006,0.0764185760044711,0.028627022004002356,0.047451977995478956,38,38,18360,21189078,1699192,,,,
case04-rep0,synthetic,10000,logistic,data,deterministic,5,0,0.1087335880001774,0.07835950999742636,0.023851805000049353,0.030374078002751048,45,45,21849,22214978,3013957,,,,
case04-rep1,synthetic,10000,logistic,data,deterministic,5,1,0.10233242899994366,0.06908969899632211,0.025864255998385488,0.033242730003621546,45,45,21855,22214984,3013963,,,,
case04-rep2,synthetic,10000,logistic,data,deterministic,5,2,0.10226535499987222,0.07286615800057916,0.02296426499651716,0.029399196999293054,45,45,21853,22214982,3013961,,,,
case04-rep3,synthetic,10000,logistic,data,deterministic,5,3,0.10413596700072958,0.07124195200049144,0.026404856000226573,0.03289401500023814,45,45,21848,22214977,3013956,,,,
case04-rep4,synthetic,10000,logistic,data,deterministic,5,4,0.10036135900008958,0.07047870599944872,0.0234841739957119,0.029882653000640857,45,45,21852,22214981,3013960,,,,
case05-rep0,synthetic,10000,logistic,data,opaque,5,0,0.11453869500019209,0.06594217399924673,0.03018599099414132,0.04859652100094536,50,50,23753,30217577,3015861,,,,
case05-rep1,synthetic,10000,logistic,data,opaque,5,1,0.11702309300017077,0.06895226199958415,0.03003162299773976,0.04807083100058662,50,50,23759,30217583,3015867,,,,
case05-rep2,synthetic,10000,logistic,data,opaque,5,2,0.11908285199933744,0.07219397900098556,0.028576783000062278,0.04688887299835187,50,50,23758,30217582,3015866,,,,
case05-rep3,synthetic,10000,logistic,data,opaque,5,3,0.1226923739995982,0.07345348600119905,0.029869679996409104,0.04923888799839915,50,50,23754,30217578,3015862,,,,
case05-rep4,synthetic,10000,logistic,data,opaque,5,4,0.11985941600050865,0.07361979699817311,0.02858048200232588,0.04623961900233553,50,50,23753,30217577,3015861,,,,
case06-rep0,breast_cancer,569,logistic,parameters,deterministic,5,0,0.026620624999850406,0.018480679997082916,0.003180759001224942,0.00813994500276749,17,16,9852,447052,151231,,,,
case06-rep1,breast_cancer,569,logistic,parameters,deterministic,5,1,0.02730718099974183,0.020130027997765865,0.0032994139974107384,0.007177153001975967,17,16,9853,447053,151232,,,,
case06-rep2,breast_cancer,569,logistic,parameters,deterministic,5,2,0.027442171000075177,0.01989195500027563,0.003250055999160395,0.007550215999799548,17,16,9848,447048,151227,,,,
case06-rep3,breast_cancer,569,logistic,parameters,deterministic,5,3,0.02691025100011757,0.01966785699914908,0.0032226269995589973,0.007242394000968488,17,16,9853,447053,151232,,,,
case06-rep4,breast_cancer,569,logistic,parameters,deterministic,5,4,0.026704382999923837,0.019282285000372212,0.0033181540020450484,0.0074220979995516245,17,16,9851,447051,151230,,,,
case07-rep0,breast_cancer,569,logistic,parameters,opaque,5,0,0.028571179999744345,0.0195779420027975,0.0037980110000717104,0.008993237996946846,30,29,15164,1685191,156543,,,,
case07-rep1,breast_cancer,569,logistic,parameters,opaque,5,1,0.028656558999500703,0.019871240001521073,0.0037297279932317906,0.00878531899797963,30,29,15164,1685191,156543,,,,
case07-rep2,breast_cancer,569,logistic,parameters,opaque,5,2,0.0266039180005464,0.01770122700418142,0.0037631620034517255,0.008902690996364981,30,29,15166,1685193,156545,,,,
case07-rep3,breast_cancer,569,logistic,parameters,opaque,5,3,0.02684519100057514,0.018071970004712057,0.003762326004107308,0.008773220995863085,30,29,15165,1685192,156544,,,,
case07-rep4,breast_cancer,569,logistic,parameters,opaque,5,4,0.028543415000058303,0.01930923399322637,0.004032096998344059,0.009234181006831932,30,29,15165,1685192,156544,,,,
case08-rep0,breast_cancer,569,forest,parameters,deterministic,5,0,0.09193331299957208,0.07841680699766584,0.006633873001192114,0.013516506001906237,17,15,9839,728790,151218,,,,
case08-rep1,breast_cancer,569,forest,parameters,deterministic,5,1,0.09363694100011344,0.08014373300102307,0.006898946003275341,0.013493207999090373,17,16,9842,733296,151221,,,,
case08-rep2,breast_cancer,569,forest,parameters,deterministic,5,2,0.10538369799996872,0.09068264100096712,0.007699707003666845,0.014701056999001594,17,16,9840,734389,151219,,,,
case08-rep3,breast_cancer,569,forest,parameters,deterministic,5,3,0.09585003099982714,0.08145101499849261,0.007266194998919673,0.01439901600133453,17,16,9841,718453,151220,,,,
case08-rep4,breast_cancer,569,forest,parameters,deterministic,5,4,0.09572150800067902,0.08167863499966188,0.007103560001269216,0.014042873001017142,17,16,9844,714992,151223,,,,
case09-rep0,breast_cancer,569,forest,parameters,opaque,5,0,0.10536920499998814,0.08803219600395096,0.008664794998367142,0.017337008996037184,30,29,15152,1980643,156531,,,,
case09-rep1,breast_cancer,569,forest,parameters,opaque,5,1,0.09799551400010387,0.08248167500369163,0.007438822999574768,0.015513838996412233,30,29,15150,1964623,156529,,,,
case09-rep2,breast_cancer,569,forest,parameters,opaque,5,2,0.0949202689998856,0.07994801200038637,0.007285679998858541,0.014972256999499223,30,29,15154,1963794,156533,,,,
case09-rep3,breast_cancer,569,forest,parameters,opaque,5,3,0.10236032499960857,0.08532735799872171,0.008384620001379517,0.017032967000886856,30,29,15158,1968741,156537,,,,
case09-rep4,breast_cancer,569,forest,parameters,opaque,5,4,0.09372807699946861,0.07903688499845885,0.007207984998785832,0.014691192001009767,30,29,15153,1964856,156532,,,,
case10-rep0,synthetic,2000,logistic,parameters,opaque,5,0,0.03730646599979082,0.025270421995628567,0.007132177004677942,0.01203604400416225,30,29,15499,3936948,351766,True,,,
case10-rep1,synthetic,2000,logistic,parameters,opaque,5,1,0.03703013100039243,0.025073297998460475,0.0067183549945184495,0.011956833001931955,30,29,15496,3936945,351763,True,,,
case10-rep2,synthetic,2000,logistic,parameters,opaque,5,2,0.036430791999919165,0.024877212997125753,0.006696581996948225,0.011553579002793413,30,29,15493,3936942,351760,True,,,
case10-rep3,synthetic,2000,logistic,parameters,opaque,5,3,0.03523633599979803,0.023489680999773555,0.006911292001859692,0.011746655000024475,30,29,15493,3936942,351760,True,,,
case10-rep4,synthetic,2000,logistic,parameters,opaque,5,4,0.042145573000198056,0.030145255996103515,0.006939732002138044,0.01200031700409454,30,29,15494,3936943,351761,True,,,
case11-rep0,synthetic,10000,logistic,parameters,deterministic,5,0,0.25220369799990294,0.21765140499974223,0.02523086299515853,0.034552293000160716,55,48,30556,7132604,1711388,,4,,
case11-rep1,synthetic,10000,logistic,parameters,deterministic,5,1,0.2384643989998949,0.20328152000092814,0.026165413000853732,0.03518287899896677,55,48,30556,7132604,1711388,,4,,
case11-rep2,synthetic,10000,logistic,parameters,deterministic,5,2,0.28369361399927584,0.2490705610043733,0.025537276002978615,0.03462305299490254,55,48,30560,7132608,1711392,,4,,
case11-rep3,synthetic,10000,logistic,parameters,deterministic,5,3,0.2749588169999697,0.23905988800379419,0.026324551998186507,0.03589892899617553,55,48,30555,7132603,1711387,,4,,
case11-rep4,synthetic,10000,logistic,parameters,deterministic,5,4,0.26309739600037574,0.22902637199877063,0.025216188995727862,0.03407102400160511,55,48,30559,7132607,1711391,,4,,
case12-rep0,synthetic,10000,logistic,parameters,opaque,5,0,0.26532423099979496,0.21451367800364096,0.030674427007397753,0.050810552996154,68,68,35877,21821982,1716709,,4,,
case12-rep1,synthetic,10000,logistic,parameters,opaque,5,1,0.25689456299915037,0.20521134600585356,0.03073376799147809,0.05168321699329681,68,68,35883,21821988,1716715,,4,,
case12-rep2,synthetic,10000,logistic,parameters,opaque,5,2,0.2999766709999676,0.24717209899972659,0.03152650299762172,0.052804572000241023,68,68,35875,21821980,1716707,,4,,
case12-rep3,synthetic,10000,logistic,parameters,opaque,5,3,0.2963361169995551,0.2430014139990817,0.031945027992151154,0.05333470300047338,68,68,35884,21821989,1716716,,4,,
case12-rep4,synthetic,10000,logistic,parameters,opaque,5,4,0.28442218199961644,0.2322514460020102,0.0303237970056216,0.052170735997606243,68,68,35878,21821983,1716710,,4,,
case13-rep0,synthetic,2000,forest,parameters,deterministic,5,0,3.4926444269995045,3.3026620479968187,0.1283049449984901,0.18998237900268578,47,46,27362,24460944,363629,,4,48,8
case13-rep1,synthetic,2000,forest,parameters,deterministic,5,1,3.4144220069993025,3.224613381004019,0.12838010600717098,0.18980862599528336,47,46,27358,24542533,363625,,4,48,8
case13-rep2,synthetic,2000,forest,parameters,deterministic,5,2,3.615994279000006,3.4083070330061673,0.13833066799816152,0.2076872459938386,47,46,27357,23361112,363624,,4,48,8
case13-rep3,synthetic,2000,forest,parameters,deterministic,5,3,3.3744599390001895,3.1744895569981963,0.1390177839957687,0.19997038200199313,47,46,27360,23961112,363627,,4,48,8
case13-rep4,synthetic,2000,forest,parameters,deterministic,5,4,3.5572094299996024,3.359442818000389,0.13484816700474767,0.19776661199921364,47,46,27357,24955622,363624,,4,48,8
case14-rep0,synthetic,2000,forest,parameters,opaque,5,0,3.803553593000288,3.5721009889975903,0.14539550300196424,0.23145260400269763,60,59,32663,27516482,368930,,4,48,8
case14-rep1,synthetic,2000,forest,parameters,opaque,5,1,3.38959413900011,3.1932414310012973,0.13247258799583506,0.19635270799881255,60,59,32672,27596770,368939,,4,48,8
case14-rep2,synthetic,2000,forest,parameters,opaque,5,2,3.3639464119996774,3.165631568005665,0.13153769799919246,0.19831484399401234,60,59,32669,26287099,368936,,4,48,8
case14-rep3,synthetic,2000,forest,parameters,opaque,5,3,3.3259506320000582,3.1306195289989773,0.13216834300328628,0.19533110300108092,60,59,32671,26775698,368938,,4,48,8
case14-rep4,synthetic,2000,forest,parameters,opaque,5,4,3.4874791320007716,3.2880955329992503,0.13406179199500912,0.19938359900152136,60,59,32666,27895104,368933,,4,48,8
case15-rep0,synthetic,2000,logistic,data,opaque,5,0,0.10388000100010686,0.08700475899968296,0.008916152994970616,0.016875242000423896,72,67,37322,6655256,1654145,True,4,,
case15-rep1,synthetic,2000,logistic,data,opaque,5,1,0.10526139300054638,0.08972400599850516,0.008936934997109347,0.015537387002041214,72,67,37324,6655258,1654147,True,4,,
case15-rep2,synthetic,2000,logistic,data,opaque,5,2,0.10715848899963021,0.09048351899855334,0.009104879994993098,0.016674970001076872,72,67,37316,6655250,1654139,True,4,,
case15-rep3,synthetic,2000,logistic,data,opaque,5,3,0.10473682600058964,0.08799107200502476,0.009613565994186501,0.016745753995564883,72,67,37323,6655257,1654146,True,4,,
case15-rep4,synthetic,2000,logistic,data,opaque,5,4,0.10947638899961021,0.09321249400545639,0.008994797998639115,0.016263894994153816,72,67,37318,6655252,1654141,True,4,,
