rows,scope,seed,budget_bytes,policy,minimum_feasible_bytes,full_bytes,exact_feasible,planner_accepted,planner_status,planner_bytes,exact_estimated_s,planner_estimated_s,relative_objective_gap,subsets_tested
16,fit,21,5467,recoverability,5468,7802,False,False,heuristic_cannot_fit,5468,,,,128
16,fit,21,5467,recoverability_v2,5468,7802,False,False,proven_infeasible,5064,,,,128
16,fit,21,5468,recoverability,5468,7802,True,True,ok,5468,4.0808000000000006e-05,4.0808000000000006e-05,0.0,128
16,fit,21,5468,recoverability_v2,5468,7802,True,True,ok,5468,4.0808000000000006e-05,4.0808000000000006e-05,0.0,128
16,fit,21,6635,recoverability,5468,7802,True,True,ok,5468,4.0808000000000006e-05,4.0808000000000006e-05,0.0,128
16,fit,21,6635,recoverability_v2,5468,7802,True,True,ok,5468,4.0808000000000006e-05,4.0808000000000006e-05,0.0,128
16,fit,21,7802,recoverability,5468,7802,True,True,ok,5468,4.0808000000000006e-05,4.0808000000000006e-05,0.0,128
16,fit,21,7802,recoverability_v2,5468,7802,True,True,ok,5468,4.0808000000000006e-05,4.0808000000000006e-05,0.0,128
16,fit,22,5467,recoverability,5468,7802,False,False,heuristic_cannot_fit,5468,,,,128
16,fit,22,5467,recoverability_v2,5468,7802,False,False,proven_infeasible,5064,,,,128
16,fit,22,5468,recoverability,5468,7802,True,True,ok,5468,4.0808000000000006e-05,4.0808000000000006e-05,0.0,128
16,fit,22,5468,recoverability_v2,5468,7802,True,True,ok,5468,4.0808000000000006e-05,4.0808000000000006e-05,0.0,128
16,fit,22,6635,recoverability,5468,7802,True,True,ok,5468,4.0808000000000006e-05,4.0808000000000006e-05,0.0,128
16,fit,22,6635,recoverability_v2,5468,7802,True,True,ok,5468,4.0808000000000006e-05,4.0808000000000006e-05,0.0,128
16,fit,22,7802,recoverability,5468,7802,True,True,ok,5468,4.0808000000000006e-05,4.0808000000000006e-05,0.0,128
16,fit,22,7802,recoverability_v2,5468,7802,True,True,ok,5468,4.0808000000000006e-05,4.0808000000000006e-05,0.0,128
16,scaled,21,6088,recoverability,6089,7801,False,False,heuristic_cannot_fit,6089,,,,128
16,scaled,21,6088,recoverability_v2,6089,7801,False,False,proven_infeasible,5063,,,,128
16,scaled,21,6089,recoverability,6089,7801,True,True,ok,6089,4.2052e-05,4.2052e-05,0.0,128
16,scaled,21,6089,recoverability_v2,6089,7801,True,True,ok,6089,4.2052e-05,4.2052e-05,0.0,128
16,scaled,21,6945,recoverability,6089,7801,True,True,ok,6089,4.2052e-05,4.2052e-05,0.0,128
16,scaled,21,6945,recoverability_v2,6089,7801,True,True,ok,6089,4.2052e-05,4.2052e-05,0.0,128
16,scaled,21,7801,recoverability,6089,7801,True,True,ok,6089,4.2052e-05,4.2052e-05,0.0,128
16,scaled,21,7801,recoverability_v2,6089,7801,True,True,ok,6089,4.2052e-05,4.2052e-05,0.0,128
16,scaled,22,6087,recoverability,6088,7800,False,False,heuristic_cannot_fit,6088,,,,128
16,scaled,22,6087,recoverability_v2,6088,7800,False,False,proven_infeasible,5062,,,,128
16,scaled,22,6088,recoverability,6088,7800,True,True,ok,6088,4.2052e-05,4.2052e-05,0.0,128
16,scaled,22,6088,recoverability_v2,6088,7800,True,True,ok,6088,4.2052e-05,4.2052e-05,0.0,128
16,scaled,22,6944,recoverability,6088,7800,True,True,ok,6088,4.2052e-05,4.2052e-05,0.0,128
16,scaled,22,6944,recoverability_v2,6088,7800,True,True,ok,6088,4.2052e-05,4.2052e-05,0.0,128
16,scaled,22,7800,recoverability,6088,7800,True,True,ok,6088,4.2052e-05,4.2052e-05,0.0,128
16,scaled,22,7800,recoverability_v2,6088,7800,True,True,ok,6088,4.2052e-05,4.2052e-05,0.0,128
16,both,21,6221,recoverability,6222,7934,False,False,heuristic_cannot_fit,6222,,,,128
16,both,21,6221,recoverability_v2,6222,7934,False,False,proven_infeasible,5196,,,,128
16,both,21,6222,recoverability,6222,7934,True,True,ok,6222,0.001403293999802587,0.001403293999802587,0.0,128
16,both,21,6222,recoverability_v2,6222,7934,True,True,ok,6222,0.001403293999802587,0.001403293999802587,0.0,128
16,both,21,7078,recoverability,6222,7934,True,True,ok,6626,8.286e-05,8.286e-05,0.0,128
16,both,21,7078,recoverability_v2,6222,7934,True,True,ok,6626,8.286e-05,8.286e-05,0.0,128
16,both,21,7934,recoverability,6222,7934,True,True,ok,6626,8.286e-05,8.286e-05,0.0,128
16,both,21,7934,recoverability_v2,6222,7934,True,True,ok,6626,8.286e-05,8.286e-05,0.0,128
16,both,22,6223,recoverability,6224,7936,False,False,heuristic_cannot_fit,6224,,,,128
16,both,22,6223,recoverability_v2,6224,7936,False,False,proven_infeasible,5198,,,,128
16,both,22,6224,recoverability,6224,7936,True,True,ok,6224,0.001466807999323679,0.001466807999323679,0.0,128
16,both,22,6224,recoverability_v2,6224,7936,True,True,ok,6224,0.001466807999323679,0.001466807999323679,0.0,128
16,both,22,7080,recoverability,6224,7936,True,True,ok,6628,8.286e-05,8.286e-05,0.0,128
16,both,22,7080,recoverability_v2,6224,7936,True,True,ok,6628,8.286e-05,8.286e-05,0.0,128
16,both,22,7936,recoverability,6224,7936,True,True,ok,6628,8.286e-05,8.286e-05,0.0,128
16,both,22,7936,recoverability_v2,6224,7936,True,True,ok,6628,8.286e-05,8.286e-05,0.0,128
64,fit,21,6624,recoverability,6625,13951,False,False,heuristic_cannot_fit,6625,,,,128
64,fit,21,6624,recoverability_v2,6625,13951,False,False,proven_infeasible,6221,,,,128
64,fit,21,6625,recoverability,6625,13951,True,True,ok,6625,4.0808000000000006e-05,4.0808000000000006e-05,0.0,128
64,fit,21,6625,recoverability_v2,6625,13951,True,True,ok,6625,4.0808000000000006e-05,4.0808000000000006e-05,0.0,128
64,fit,21,10288,recoverability,6625,13951,True,True,ok,6625,4.0808000000000006e-05,4.0808000000000006e-05,0.0,128
64,fit,21,10288,recoverability_v2,6625,13951,True,True,ok,6625,4.0808000000000006e-05,4.0808000000000006e-05,0.0,128
64,fit,21,13951,recoverability,6625,13951,True,True,ok,6625,4.0808000000000006e-05,4.0808000000000006e-05,0.0,128
64,fit,21,13951,recoverability_v2,6625,13951,True,True,ok,6625,4.0808000000000006e-05,4.0808000000000006e-05,0.0,128
64,fit,22,6626,recoverability,6627,13953,False,False,heuristic_cannot_fit,6627,,,,128
64,fit,22,6626,recoverability_v2,6627,13953,False,False,proven_infeasible,6223,,,,128
64,fit,22,6627,recoverability,6627,13953,True,True,ok,6627,4.0808000000000006e-05,4.0808000000000006e-05,0.0,128
64,fit,22,6627,recoverability_v2,6627,13953,True,True,ok,6627,4.0808000000000006e-05,4.0808000000000006e-05,0.0,128
64,fit,22,10290,recoverability,6627,13953,True,True,ok,6627,4.0808000000000006e-05,4.0808000000000006e-05,0.0,128
64,fit,22,10290,recoverability_v2,6627,13953,True,True,ok,6627,4.0808000000000006e-05,4.0808000000000006e-05,0.0,128
64,fit,22,13953,recoverability,6627,13953,True,True,ok,6627,4.0808000000000006e-05,4.0808000000000006e-05,0.0,128
64,fit,22,13953,recoverability_v2,6627,13953,True,True,ok,6627,4.0808000000000006e-05,4.0808000000000006e-05,0.0,128
64,scaled,21,9548,recoverability,9549,13949,False,False,heuristic_cannot_fit,9549,,,,128
64,scaled,21,9548,recoverability_v2,9549,13949,False,False,proven_infeasible,6219,,,,128
64,scaled,21,9549,recoverability,9549,13949,True,True,ok,9549,4.6660000000000004e-05,4.6660000000000004e-05,0.0,128
64,scaled,21,9549,recoverability_v2,9549,13949,True,True,ok,9549,4.6660000000000004e-05,4.6660000000000004e-05,0.0,128
64,scaled,21,11749,recoverability,9549,13949,True,True,ok,9549,4.6660000000000004e-05,4.6660000000000004e-05,0.0,128
64,scaled,21,11749,recoverability_v2,9549,13949,True,True,ok,9549,4.6660000000000004e-05,4.6660000000000004e-05,0.0,128
64,scaled,21,13949,recoverability,9549,13949,True,True,ok,9549,4.6660000000000004e-05,4.6660000000000004e-05,0.0,128
64,scaled,21,13949,recoverability_v2,9549,13949,True,True,ok,9549,4.6660000000000004e-05,4.6660000000000004e-05,0.0,128
64,scaled,22,9547,recoverability,9548,13948,False,False,heuristic_cannot_fit,9548,,,,128
64,scaled,22,9547,recoverability_v2,9548,13948,False,False,proven_infeasible,6218,,,,128
64,scaled,22,9548,recoverability,9548,13948,True,True,ok,9548,4.6660000000000004e-05,4.6660000000000004e-05,0.0,128
64,scaled,22,9548,recoverability_v2,9548,13948,True,True,ok,9548,4.6660000000000004e-05,4.6660000000000004e-05,0.0,128
64,scaled,22,11748,recoverability,9548,13948,True,True,ok,9548,4.6660000000000004e-05,4.6660000000000004e-05,0.0,128
64,scaled,22,11748,recoverability_v2,9548,13948,True,True,ok,9548,4.6660000000000004e-05,4.6660000000000004e-05,0.0,128
64,scaled,22,13948,recoverability,9548,13948,True,True,ok,9548,4.6660000000000004e-05,4.6660000000000004e-05,0.0,128
64,scaled,22,13948,recoverability_v2,9548,13948,True,True,ok,9548,4.6660000000000004e-05,4.6660000000000004e-05,0.0,128
64,both,21,9685,recoverability,9686,14086,False,False,heuristic_cannot_fit,9686,,,,128
64,both,21,9685,recoverability_v2,9686,14086,False,False,proven_infeasible,6356,,,,128
64,both,21,9686,recoverability,9686,14086,True,True,ok,9686,0.001510720999751382,0.001510720999751382,0.0,128
64,both,21,9686,recoverability_v2,9686,14086,True,True,ok,9686,0.001510720999751382,0.001510720999751382,0.0,128
64,both,21,11886,recoverability,9686,14086,True,True,ok,10090,8.746800000000001e-05,8.746800000000001e-05,0.0,128
64,both,21,11886,recoverability_v2,9686,14086,True,True,ok,10090,8.746800000000001e-05,8.746800000000001e-05,0.0,128
64,both,21,14086,recoverability,9686,14086,True,True,ok,10090,8.746800000000001e-05,8.746800000000001e-05,0.0,128
64,both,21,14086,recoverability_v2,9686,14086,True,True,ok,10090,8.746800000000001e-05,8.746800000000001e-05,0.0,128
64,both,22,9684,recoverability,9685,14085,False,False,heuristic_cannot_fit,9685,,,,128
64,both,22,9684,recoverability_v2,9685,14085,False,False,proven_infeasible,6355,,,,128
64,both,22,9685,recoverability,9685,14085,True,True,ok,9685,0.0013785100014065649,0.0013785100014065649,0.0,128
64,both,22,9685,recoverability_v2,9685,14085,True,True,ok,9685,0.0013785100014065649,0.0013785100014065649,0.0,128
64,both,22,11885,recoverability,9685,14085,True,True,ok,10089,8.746800000000001e-05,8.746800000000001e-05,0.0,128
64,both,22,11885,recoverability_v2,9685,14085,True,True,ok,10089,8.746800000000001e-05,8.746800000000001e-05,0.0,128
64,both,22,14085,recoverability,9685,14085,True,True,ok,10089,8.746800000000001e-05,8.746800000000001e-05,0.0,128
64,both,22,14085,recoverability_v2,9685,14085,True,True,ok,10089,8.746800000000001e-05,8.746800000000001e-05,0.0,128
256,fit,21,11238,recoverability,11239,38537,False,False,heuristic_cannot_fit,11239,,,,128
256,fit,21,11238,recoverability_v2,11239,38537,False,False,proven_infeasible,10835,,,,128
256,fit,21,11239,recoverability,11239,38537,True,True,ok,11239,4.0808000000000006e-05,4.0808000000000006e-05,0.0,128
256,fit,21,11239,recoverability_v2,11239,38537,True,True,ok,11239,4.0808000000000006e-05,4.0808000000000006e-05,0.0,128
256,fit,21,24888,recoverability,11239,38537,True,True,ok,11239,4.0808000000000006e-05,4.0808000000000006e-05,0.0,128
256,fit,21,24888,recoverability_v2,11239,38537,True,True,ok,11239,4.0808000000000006e-05,4.0808000000000006e-05,0.0,128
256,fit,21,38537,recoverability,11239,38537,True,True,ok,11239,4.0808000000000006e-05,4.0808000000000006e-05,0.0,128
256,fit,21,38537,recoverability_v2,11239,38537,True,True,ok,11239,4.0808000000000006e-05,4.0808000000000006e-05,0.0,128
256,fit,22,11233,recoverability,11234,38532,False,False,heuristic_cannot_fit,11234,,,,128
256,fit,22,11233,recoverability_v2,11234,38532,False,False,proven_infeasible,10830,,,,128
256,fit,22,11234,recoverability,11234,38532,True,True,ok,11234,4.0808000000000006e-05,4.0808000000000006e-05,0.0,128
256,fit,22,11234,recoverability_v2,11234,38532,True,True,ok,11234,4.0808000000000006e-05,4.0808000000000006e-05,0.0,128
256,fit,22,24883,recoverability,11234,38532,True,True,ok,11234,4.0808000000000006e-05,4.0808000000000006e-05,0.0,128
256,fit,22,24883,recoverability_v2,11234,38532,True,True,ok,11234,4.0808000000000006e-05,4.0808000000000006e-05,0.0,128
256,fit,22,38532,recoverability,11234,38532,True,True,ok,11234,4.0808000000000006e-05,4.0808000000000006e-05,0.0,128
256,fit,22,38532,recoverability_v2,11234,38532,True,True,ok,11234,4.0808000000000006e-05,4.0808000000000006e-05,0.0,128
256,scaled,21,23380,recoverability,23381,38535,False,False,heuristic_cannot_fit,23381,,,,128
256,scaled,21,23380,recoverability_v2,23381,38535,False,False,proven_infeasible,10833,,,,128
256,scaled,21,23381,recoverability,23381,38535,True,True,ok,23381,6.5096e-05,6.5096e-05,0.0,128
256,scaled,21,23381,recoverability_v2,23381,38535,True,True,ok,23381,6.5096e-05,6.5096e-05,0.0,128
256,scaled,21,30958,recoverability,23381,38535,True,True,ok,23381,6.5096e-05,6.5096e-05,0.0,128
256,scaled,21,30958,recoverability_v2,23381,38535,True,True,ok,23381,6.5096e-05,6.5096e-05,0.0,128
256,scaled,21,38535,recoverability,23381,38535,True,True,ok,23381,6.5096e-05,6.5096e-05,0.0,128
256,scaled,21,38535,recoverability_v2,23381,38535,True,True,ok,23381,6.5096e-05,6.5096e-05,0.0,128
256,scaled,22,23377,recoverability,23378,38532,False,False,heuristic_cannot_fit,23378,,,,128
256,scaled,22,23377,recoverability_v2,23378,38532,False,False,proven_infeasible,10830,,,,128
256,scaled,22,23378,recoverability,23378,38532,True,True,ok,23378,6.5096e-05,6.5096e-05,0.0,128
256,scaled,22,23378,recoverability_v2,23378,38532,True,True,ok,23378,6.5096e-05,6.5096e-05,0.0,128
256,scaled,22,30955,recoverability,23378,38532,True,True,ok,23378,6.5096e-05,6.5096e-05,0.0,128
256,scaled,22,30955,recoverability_v2,23378,38532,True,True,ok,23378,6.5096e-05,6.5096e-05,0.0,128
256,scaled,22,38532,recoverability,23378,38532,True,True,ok,23378,6.5096e-05,6.5096e-05,0.0,128
256,scaled,22,38532,recoverability_v2,23378,38532,True,True,ok,23378,6.5096e-05,6.5096e-05,0.0,128
256,both,21,23515,recoverability,23516,38670,False,False,heuristic_cannot_fit,23516,,,,128
256,both,21,23515,recoverability_v2,23516,38670,False,False,proven_infeasible,10968,,,,128
256,both,21,23516,recoverability,23516,38670,True,True,ok,23516,0.001591439999103119,0.001591439999103119,0.0,128
256,both,21,23516,recoverability_v2,23516,38670,True,True,ok,23516,0.001591439999103119,0.001591439999103119,0.0,128
256,both,21,31093,recoverability,23516,38670,True,True,ok,23920,0.00010590400000000001,0.00010590400000000001,0.0,128
256,both,21,31093,recoverability_v2,23516,38670,True,True,ok,23920,0.00010590400000000001,0.00010590400000000001,0.0,128
256,both,21,38670,recoverability,23516,38670,True,True,ok,23920,0.00010590400000000001,0.00010590400000000001,0.0,128
256,both,21,38670,recoverability_v2,23516,38670,True,True,ok,23920,0.00010590400000000001,0.00010590400000000001,0.0,128
256,both,22,23512,recoverability,23513,38667,False,False,heuristic_cannot_fit,23513,,,,128
256,both,22,23512,recoverability_v2,23513,38667,False,False,proven_infeasible,10965,,,,128
256,both,22,23513,recoverability,23513,38667,True,True,ok,23513,0.0013517000005974355,0.0013517000005974355,0.0,128
256,both,22,23513,recoverability_v2,23513,38667,True,True,ok,23513,0.0013517000005974355,0.0013517000005974355,0.0,128
256,both,22,31090,recoverability,23513,38667,True,True,ok,23917,0.00010590400000000001,0.00010590400000000001,0.0,128
256,both,22,31090,recoverability_v2,23513,38667,True,True,ok,23917,0.00010590400000000001,0.00010590400000000001,0.0,128
256,both,22,38667,recoverability,23513,38667,True,True,ok,23917,0.00010590400000000001,0.00010590400000000001,0.0,128
256,both,22,38667,recoverability_v2,23513,38667,True,True,ok,23917,0.00010590400000000001,0.00010590400000000001,0.0,128
